2,35.1003,2,0,6,0,26,0,2,18,11,51.4028,1.97703,0,0,11,0,0,8,0,2,3,0,2,1.79541,-2.3131,-0.549545,0.64492,2.37432,-2.44042,-0.436969,0.795735,2.41659,-2.00273,-0.35348,0.937851,2.76955,16.3597,2,0.105263,6,27,4,19,2,2,0.105263,17,0,13.2841,10.9554,6.38675,7.42229,8.48607,6.17314,2.64872,3.78282,0,0,0.900976,10,0,-0.834152,-0.432682,0.0486233,2.25138,-0.970836,-0.287065,0.214279,2.36353,-0.491119,-0.172657,0.344655,2.58346,14.41,5.96982,3.3218,11.7696,4.81361,2.65302,3.14746,5,0,1,0,2.501,-5.02818,7.12727,1,1,12,1,2,2,0,0,0,1.33239,-1.33239,0.203514,0.236612,71.1963,29.5396,31.3845,0,0,19.6491,0,38.9733,19.7606,0,0,0,47.498,0,0.739741,0.411749,0.1841,0.260259,0.588251,0.0761588,190.854,106.232,47.498,67.147,151.769,19.6491,0.5,1,0,0,0,0,1,0,0,0,1,0,258.001,0,0,0,258.001,0,5,0,2,0,0,1,2.4258,0,15.4687,23.8622,50.935,3.18558,34.4479,0,70.5727,17.6432,80.1683,7.40344,30.9478,3.12431,50.935,4.73631,2.75675,70.5727,22.902,110.309,98.22,0.521503,5.24793,3.15576,8.00864,258.001,311.138,44.9514,0,0,0,149.823,57.5323,44.9514,280.328,654,26,92
2,39.6903,3,0,6,0,31,1,4,18,11,55.6999,1.79677,0,0,12,0,0,13,0,3,1,0,2,1.79457,-2.47278,-0.487805,0.517268,2.35378,-2.58037,-0.448134,0.74752,2.42876,-2.14617,-0.244749,0.854311,2.74198,20.5697,2,0.105263,6,32,3,19,4,2,0.105263,23,0,13.2841,11.7163,7.38675,8.42229,8.48607,6.51341,2.64872,3.78282,0,0,0.813528,10,0,-0.852063,-0.413084,-0.0165934,2.3167,-1.37496,-0.294319,0.164454,2.43711,-0.479927,-0.150642,0.193051,2.65716,14.41,5.96982,3.3218,12.1443,4.97706,2.74729,3.35793,4,2,1,0,1.711,-4.25128,7.63751,1,1,12,1,2,2,0,0,0,1.37856,-1.37856,0.202541,0.203276,42.9435,25.5115,48.6225,0,0,12.9495,0,85.4506,44.2704,0,0,10.3896,13.5669,0,0.869914,0.541681,0.0844417,0.130086,0.458319,0.0456444,246.799,153.678,23.9565,36.906,130.027,12.9495,0.5,1,0,0,0,0,1,0,0,0,1,0,283.705,0,0,0,283.705,0,5,0,2,0,0,1,1.8275,35.899,8.26058,23.8622,0,3.18558,67.3451,0,70.5727,17.6432,80.1683,7.99704,23.8622,3.00179,3.12431,4.73631,35.5314,70.5727,22.902,143.206,81.66,0.521503,5.24793,3.15576,8.00864,283.705,343.428,44.9514,0,0,0,179.695,23.6012,66.4324,279.388,654,26,92
2,49.4675,4,0,12,0,36,1,5,24,15,67.588,1.87744,0,0,16,0,0,12,0,2,3,0,3,1.56749,-2.39883,-0.634244,0.704164,2.43292,-2.62782,-0.53808,0.805915,2.40427,-2.02982,-0.499862,0.863771,2.83069,25.2925,4,0.153846,12,38,3,26,3,4,0.153846,23,0,17.1565,14.697,8.85085,10.6649,11.4712,9.58552,4.64872,6.78282,0,0,0.87167,13,0,-0.826169,-0.401683,0.0833795,2.38475,-1.15505,-0.32432,0.164708,2.4478,-0.444105,-0.195832,0.247658,2.73141,18.7811,8.13148,4.60118,16.313,7.01736,3.9523,4.76977,5,1,1,0,3.675,-6.26483,9.89188,0,1,18,1,3,3,0,0,0,1.6954,-1.6954,0.167221,0.160916,35.1615,69.8285,31.3845,0,0,17.1341,0,14.4634,124.068,0,0,32.0165,13.5669,0,0.814238,0.545326,0.135013,0.185762,0.454674,0.0507493,274.906,184.115,45.5834,62.7176,153.509,17.1341,0.461538,0.857143,0,0,0,0,1,0,0,0,1,0,337.623,0,0,0,337.623,0,7,0,3,0,0,1,2.7813,16.2825,56.4323,30.503,0,3.18558,3.10147,0,176.432,17.6432,77.4116,9.82195,72.0339,3.00179,17.8332,4.73631,0,176.432,22.902,84.0523,98.57,0.437396,5.70044,3.41684,8.86853,337.623,431.908,76.968,0,0,11.8137,204.232,33.7068,88.7816,376.481,1392,36,126
2,47.8035,2,0,12,0,34,0,2,22,17,58.4673,1.71963,0,0,17,1,0,12,0,1,1,0,2,1.49986,-2.39439,-0.644768,0.697564,2.41977,-2.37904,-0.53808,0.805915,2.49879,-2.0809,-0.499862,0.854311,2.79618,19.8965,3,0.125,12,36,3,24,2,3,0.125,21,0,15.5267,13.9195,9.48061,11.2423,10.631,8.28458,4.91295,7.00757,0,0,0.827121,13,0,-0.825049,-0.38961,0.0794097,2.37519,-0.945965,-0.263861,0.234313,2.51235,-0.475404,-0.210065,0.346637,2.72398,16.8438,7.7135,4.30839,14.339,6.51316,3.61648,4.24511,2,0,1,1,4.946,-6.74014,9.61652,0,1,18,1,3,3,1,0,0,1.31393,-1.31393,0.202089,0.234316,15.1714,68.5616,31.3845,0,0,12.9495,0,41.1818,135.127,0,0,0,13.5669,0,0.9166,0.597201,0.042671,0.0834001,0.402799,0.0407291,291.426,189.876,13.5669,26.5165,128.067,12.9495,0.461538,0.857143,0,0,0,0,1,0,0,0,1,0,317.943,0,0,0,317.943,0,7,0,3,0,0,1,5.0078,0,8.3831,23.8622,0,6.37115,1.55073,3.50061,158.789,17.6432,135,9.6817,23.8622,3.12431,0,11.4225,0,177.228,22.902,116.56,52.4,0.46637,5.58496,3.39796,8.60228,317.943,418.166,44.9514,0,0,0,240.848,23.6012,44.9514,345.874,1137,31,114
2,34.5763,2,0,6,0,24,0,2,16,11,45.9854,1.91606,0,0,11,1,0,8,0,1,1,0,2,1.8302,-2.3132,-0.578644,0.603878,2.37281,-2.44041,-0.341617,0.818128,2.41217,-2.00258,-0.325523,0.90923,2.76948,15.5237,1,0.0588235,6,25,3,17,2,1,0.0588235,16,0,11.7067,10.8256,6.38675,7.42229,7.57539,6.15133,2.64872,3.78282,0,0,0.889786,9,0,-0.834155,-0.404972,0.0389463,2.1933,-0.970836,-0.275771,0.266522,2.33213,-0.481231,-0.132767,0.405962,2.5575,12.4567,5.10417,2.83111,11.6593,4.75512,2.62826,3.46509,2,0,1,0,3.158,-4.97224,7.09298,0,1,12,1,2,1,0,0,0,0.995325,-0.995325,0.266238,0.31674,51.2063,25.5115,31.3845,0,0,12.9495,0,38.9733,73.8524,0,0,0,13.5669,0,0.892839,0.510792,0.0548282,0.107161,0.489208,0.0523331,220.928,126.393,13.5669,26.5165,121.052,12.9495,0.444444,0.8,0,0,0,0,1,0,0,0,1,0,247.444,0,0,0,247.444,0,5,0,2,0,0,1,3.171,0,8.3831,23.8622,0,3.18558,34.4479,3.50061,70.5727,17.6432,116.56,7.239,23.8622,3.12431,0,8.23692,0,70.5727,22.902,149.457,52.4,0.565101,5.08746,2.95286,7.67786,247.444,303.192,44.9514,0,0,0,173.197,23.6012,44.9514,269.776,456,22,82
2,34.8299,3,0,6,0,26,1,4,16,10,46.9384,1.80532,0,0,11,0,0,10,0,2,1,0,2,1.8302,-2.29117,-0.557103,0.637314,2.3284,-2.58036,-0.435887,0.786337,2.41728,-1.9889,-0.353096,0.928795,2.73992,15.3101,1,0.0588235,6,27,3,17,2,1,0.0588235,18,0,11.7067,10.2691,6.38675,7.42229,7.57539,5.89537,3.14872,4.36017,0,0,0.831451,9,0,-0.852054,-0.417049,0.0478087,2.22911,-1.37496,-0.285176,0.211008,2.35937,-0.478766,-0.169998,0.337867,2.57846,12.4567,5.10417,2.83111,10.6272,4.30504,2.36744,2.85941,3,2,1,0,2.094,-4.79779,6.87482,1,1,12,1,2,1,0,0,0,1.20472,-1.20472,0.231768,0.220054,23.4478,25.5115,48.6225,0,0,12.9495,0,33.2111,70.9888,0,0,10.3896,13.5669,0,0.845379,0.536921,0.100368,0.154621,0.463079,0.054253,201.782,128.156,23.9565,36.906,110.531,12.9495,0.444444,0.8,0,0,0,0,1,0,0,0,1,0,238.688,0,0,0,238.688,0,5,0,2,0,0,1,2.06992,32.7747,8.26058,23.8622,0,6.37115,1.55073,0,70.5727,17.6432,110.738,7.03804,23.8622,3.00179,0,7.92188,32.7747,70.5727,22.902,110.738,78.42,0.565101,5.08746,2.95286,7.67786,238.688,301.095,44.9514,0,0,0,136.813,23.6012,66.4324,250.346,456,22,82
2,52.5611,4,0,12,0,39,1,5,25,16,71.8311,1.84182,0,0,17,0,0,14,0,2,3,0,3,1.56857,-2.39892,-0.59889,0.66666,2.43318,-2.62782,-0.498965,0.764293,2.42783,-2.03035,-0.46356,0.863737,2.83087,27.4789,4,0.148148,12,41,3,27,3,4,0.148148,26,0,18.0267,15.6197,9.7735,11.5352,11.865,9.99621,5.0594,7.17667,0,0,0.855745,13,0,-0.826171,-0.401559,0.0766612,2.42195,-1.15505,-0.324249,0.164706,2.4978,-0.479063,-0.18946,0.247658,2.76543,19.7531,8.34714,4.83798,17.2593,7.25024,4.1836,5.00536,5,1,1,0,4.01,-6.73875,10.3504,0,1,18,1,3,3,0,0,0,1.71741,-1.71741,0.165077,0.158853,47.9576,65.5631,31.3845,0,0,17.1341,0,35.4197,111.813,0,0,32.0165,13.5669,0,0.823259,0.543365,0.128456,0.176741,0.456635,0.0482848,292.138,192.816,45.5834,62.7176,162.039,17.1341,0.461538,0.857143,0,0,0,0,1,0,0,0,1,0,354.855,0,0,0,354.855,0,7,0,3,0,0,1,3.08972,16.2825,56.4323,30.503,0,6.37115,3.10147,0,158.789,17.6432,110.738,10.2957,72.0339,3.00179,17.8332,7.92188,0,158.789,22.902,117.378,98.57,0.424338,5.75489,3.46428,8.98622,354.855,456.337,76.968,0,0,11.8137,220.04,33.7068,88.7816,390.508,1563,38,132
2,57.3991,5,0,12,0,47,3,8,28,18,86.0348,1.83053,0,0,19,1,0,19,0,2,5,0,1,1.7642,-2.51166,-0.601185,0.651921,2.73393,-2.65258,-0.52048,0.742975,2.70748,-2.23212,-0.430507,0.800893,3.01599,32.2229,5,0.166667,12,49,2,30,2,6,0.2,35,0,20.4743,16.6262,11.2401,12.6899,13.2133,10.4456,6.01231,7.76842,1,0,0.844714,12,0,-0.796191,-0.432639,0.0726959,2.7203,-0.99369,-0.393547,0.155829,2.75037,-0.524645,-0.210548,0.185982,2.99643,22.68,9.42769,5.02378,19.4276,8.02707,4.25908,5.56953,7,2,1,0,2.723,-4.71141,10.7266,0,1,17,1,3,5,0,0,0,2.37329,-2.37329,0.129314,0.139682,54.968,49.7783,6.69955,8.61901,10.3242,27.658,4.1846,79.6146,75.048,0,0,32.0165,27.1338,7.90443,0.715531,0.577466,0.174645,0.284469,0.422534,0.109824,274.727,221.717,67.0548,109.222,162.232,42.1668,0.5,1,0,0,0,0,1,0,0,0,1,0,383.949,0,0,0,383.949,0,6,0,3,0,0,1,3.13842,0,80.7052,34.4849,43.8248,30.2334,1.55073,3.50061,123.502,37.7368,75.2314,10.5134,95.8961,1.51856,26.936,13.8537,20.7675,161.239,31.4438,79.1154,103.78,0.389835,5.90689,3.34969,9.35766,383.949,500.63,45.5834,0,0,5.68258,248.087,37.7636,78.3999,422.889,1937,47,148
2,42.1583,4,0,6,0,34,1,5,21,13,68.2388,2.00702,0,0,12,2,0,13,0,1,5,0,1,2.19558,-2.51186,-0.559928,0.564331,2.73588,-2.65428,-0.3339,0.645799,2.70919,-2.23871,-0.234465,0.81683,3.01651,26.3817,3,0.136364,6,35,1,22,2,4,0.181818,28,0,15.7841,13.3733,7.35337,7.99964,9.78493,8.26014,3.35162,4.04124,1,0,0.956347,9,0,-0.79431,-0.421888,0.0219269,2.60229,-0.955986,-0.30189,0.0901369,2.62075,-0.52483,-0.137774,0.206985,2.86655,17.3554,6.62994,3.34711,18.2193,6.97734,3.52922,6.05344,6,1,1,0,2.02,-3.36562,7.98832,0,1,11,1,2,3,0,0,0,1.85776,-1.85776,0.16937,0.188871,64.961,45.7673,0,8.45852,10.3242,14.7085,4.1846,34.1485,67.8652,0,0,32.0165,13.5669,10.2713,0.722234,0.515451,0.182369,0.277766,0.484549,0.0953963,221.201,157.868,55.8547,85.072,148.404,29.2173,0.444444,0.8,0,0,0,0,1,0,0,0,1,0,306.273,0,0,0,306.273,0,5,0,2,0,0,1,2.0251,25.3852,57.4357,45.4848,18.4396,0,36.9346,7.00121,35.2864,37.7368,83.5407,7.70566,83.0338,26.9038,1.55073,16.2266,0,73.0232,26.185,120.322,83.91,0.468276,5.45943,2.96235,8.52708,306.273,370.378,45.5834,0,0,0,206.738,27.3179,59.1504,354.21,849,36,110
2,63.0704,5,0,11,0,54,4,9,32,23,98.1844,1.81823,0,0,22,0,3,22,0,1,5,0,1,1.95244,-2.68787,-0.603148,0.653259,2.83948,-2.71654,-0.504718,0.677864,2.82608,-2.4501,-0.444097,0.775983,3.07332,34.7936,7,0.205882,11,56,3,34,5,8,0.235294,42,0,23.8446,18.1127,13.1877,14.5601,14.8806,10.7671,7.1157,8.63023,3,0,0.852926,11,0,-0.821173,-0.41418,0.0777993,2.9923,-0.955649,-0.315293,0.180551,3.02428,-0.532226,-0.21765,0.190974,3.23654,26.6021,10.318,5.48204,21.7217,8.36697,4.42375,5.67952,6,2,1,1,4.76276,-5.71433,11.481,0,1,16,0,3,7,2,0,0,2.98826,-2.98826,0.139687,0.110767,57.6586,35.2122,0,19.7606,20.6483,42.3665,9.0455,66.4222,66.1898,14.231,35.7259,0,40.7008,15.5351,0.697055,0.563888,0.132789,0.302945,0.436112,0.170156,295.2,238.805,56.2358,128.296,184.692,72.0604,0.454545,0.833333,0,0,0,0,1,0,0,0,1,0,423.496,0,0,0,423.496,0,6,0,3,0,0,0.5625,5.3314,0,23.874,47.7244,50.7705,40.4134,0,7.75952,121.675,41.7188,142.81,11.0466,71.5866,48.0047,67.3516,11.7115,0,159.412,20.7497,97.9297,94.91,0.352367,6.08746,3.34274,9.76065,423.496,550.435,13.5669,0,0,0,287.32,42.3665,67.8346,469.48,2612,56,172
2,33.2495,3,0,6,0,23,1,4,16,10,47.1712,2.05092,0,0,10,1,0,7,0,2,1,0,2,1.8302,-2.23,-0.611683,0.652865,2.32577,-2.58036,-0.439433,0.827795,2.39324,-1.87656,-0.412692,0.946891,2.73931,12.4504,1,0.0588235,6,24,3,17,2,1,0.0588235,15,0,11.7067,10.4029,5.38675,6.42229,7.57539,5.96232,2.64872,3.78282,0,0,0.925302,9,0,-0.852052,-0.418522,0.0602784,2.16315,-1.37496,-0.285177,0.292763,2.30323,-0.467026,-0.170067,0.461509,2.52937,12.4567,5.10417,2.83111,11.6593,4.75512,2.62826,3.46509,3,2,1,0,2.388,-5.05816,6.90102,1,1,12,1,2,1,0,0,0,1.16492,-1.16492,0.239688,0.227573,15.1714,25.5115,48.6225,0,0,12.9495,0,38.9733,73.8524,0,0,10.3896,13.5669,0,0.845605,0.572221,0.100221,0.154395,0.427779,0.0541737,202.131,136.782,23.9565,36.906,102.255,12.9495,0.444444,0.8,0,0,0,0,1,0,0,0,1,0,239.037,0,0,0,239.037,0,5,0,2,0,0,1,2.4149,32.7747,8.26058,23.8622,0,3.18558,1.55073,3.50061,70.5727,17.6432,116.56,7.06534,23.8622,3.00179,0,8.23692,32.7747,70.5727,22.902,116.56,78.42,0.565101,5.08746,2.95286,7.67786,239.037,292.622,44.9514,0,0,0,139.298,23.6012,66.4324,270.764,456,22,82
2,60.3062,5,0,11,0,51,4,9,28,19,81.4035,1.59615,0,0,21,0,0,23,0,1,5,0,1,2.02406,-2.68787,-0.603948,0.653899,2.83945,-2.71653,-0.505342,0.702451,2.82606,-2.45009,-0.447673,0.77689,3.0733,32.2778,7,0.233333,11,53,3,30,5,7,0.233333,39,0,20.4743,16.5562,12.7651,14.1899,13.2754,10.0395,6.95501,8.52506,3,0,0.777196,9,0,-0.821304,-0.414193,0.077478,2.97327,-0.955647,-0.31847,0.14675,3.0023,-0.532218,-0.217726,0.191008,3.21954,22.68,9.42769,4.54179,18.335,7.55791,3.61935,4.94909,6,2,1,0,3.828,-4.65778,10.8762,0,1,16,1,3,7,0,0,0,2.57661,-2.57661,0.110853,0.128463,57.6586,37.269,0,19.7606,20.6483,42.3665,0,41.9124,102.954,14.231,0,0,40.7008,15.5351,0.696592,0.547872,0.14308,0.303409,0.452128,0.160328,273.786,215.334,56.2358,119.251,177.703,63.0149,0.444444,0.8,0,0,0,0,1,0,0,0,1,0,393.037,0,0,0,393.037,0,5,0,3,0,0,0.5,4.0011,0,23.874,47.7244,50.7705,37.2278,0,0,139.318,41.7188,97.9297,10.5347,71.5866,3.12431,59.592,8.52594,0,177.055,20.7497,97.9297,94.91,0.389835,5.90689,2.99911,9.40341,393.037,516.579,13.5669,0,0,0,256.148,42.3665,67.8346,401.483,1719,48,148
2,53.8275,4,0,12,0,38,1,5,26,17,78.8919,2.0761,0,0,16,2,0,12,0,2,3,0,3,1.56229,-2.43707,-0.609434,0.677428,2.56959,-2.65073,-0.51518,0.821695,2.52769,-2.1581,-0.424935,0.890057,2.91725,26.1325,5,0.178571,12,40,2,28,3,5,0.178571,26,0,18.897,17.0172,8.90326,10.4054,12.2757,10.8646,4.69919,6.43265,1,1,0.952452,14,0,-0.830439,-0.402199,0.0833559,2.4897,-1.15524,-0.354931,0.227907,2.53714,-0.483783,-0.181038,0.343217,2.82028,20.727,8.56633,4.89941,20.9779,8.6743,4.96291,6.99879,5,1,1,0,4.342,-7.81922,10.9112,0,1,17,1,3,4,0,0,0,1.73254,-1.73254,0.163635,0.159679,43.6923,66.7836,31.3845,0,12.9495,4.1846,0,35.4197,114.451,19.7606,0,32.0165,13.5669,0,0.8324,0.575119,0.121813,0.1676,0.424881,0.0457875,311.492,215.215,45.5834,62.7176,158.994,17.1341,0.5,1,0,0,0,0,1,0,0,0,1,0,374.21,0,0,0,374.21,0,7,0,3,0,0,1,3.65827,16.2825,56.4323,33.2789,0,3.18558,20.4191,7.00121,141.145,0,155.709,10.7754,72.0339,3.00179,17.8332,12.9627,0,160.014,5.25878,162.35,98.57,0.412109,5.80735,3.52979,9.09589,374.21,469.721,76.968,0,0,11.8137,240.818,33.7068,88.7816,447.387,1755,41,138
2,63.7347,7,0,12,0,53,4,11,32,19,92.969,1.75413,0,0,22,0,0,21,0,3,6,0,1,1.58718,-2.67133,-0.580354,0.626489,2.61506,-2.64893,-0.495767,0.69375,2.69716,-2.41249,-0.399883,0.767553,2.88707,35.3093,5,0.142857,12,56,4,35,5,5,0.142857,40,0,23.2064,18.1796,13.033,14.7148,15.0971,11.3809,6.87833,8.84577,0,0,0.819026,13,0,-0.915155,-0.43251,0.0690812,2.77925,-0.99816,-0.392639,0.142636,2.83421,-0.5326,-0.204273,0.18651,3.07881,25.1037,9.93236,5.03472,19.4384,7.62335,3.8403,4.63081,9,3,1,0,3.937,-5.81434,11.7165,0,1,22,0,4,5,2,0,0,2.77061,-2.77061,0.11156,0.159646,96.5931,53.9239,0,10.1056,20.6483,27.658,4.1846,57.7209,70.0804,32.0165,0,0,27.1338,15.672,0.770776,0.487384,0.102964,0.229224,0.512616,0.12626,320.44,202.624,42.8058,95.2968,213.114,52.491,0.461538,0.857143,0,0,0,0,1,0,0,0,1,0,415.737,0,0,0,415.737,0,7,0,4,0,0,1,3.2595,3.12431,81.5146,30.503,69.21,34.6442,19.9161,0,128.746,18.8684,72.1655,11.9444,95.8961,15.1798,59.8563,9.55672,28.7677,142.371,33.7717,73.2928,136.37,0.359771,6.12928,3.44937,9.74616,415.737,556.138,53.6586,0,0,5.68258,240.461,48.9542,100.042,455.491,2690,60,176
2,59.0439,6,0,12,0,49,3,9,29,18,86.2437,1.76007,0,0,20,0,0,20,0,4,4,0,1,1.56112,-2.63109,-0.550555,0.624517,2.57739,-2.70417,-0.455056,0.721848,2.6086,-2.36304,-0.402755,0.782732,2.86165,32.5981,5,0.15625,12,52,3,32,6,5,0.15625,37,0,20.5956,16.3157,11.4472,13.1041,13.9367,10.6378,6.1547,8.13299,0,0,0.805213,13,0,-0.915157,-0.412983,0.0636579,2.7205,-1.36328,-0.38396,0.142394,2.77294,-0.523548,-0.186903,0.197138,3.02701,22.2031,9.24038,4.34527,17.3013,7.13201,3.33029,4.25493,8,4,1,0,2.436,-4.38042,10.8847,0,1,22,1,4,5,0,0,0,2.47672,-2.47672,0.124798,0.17859,81.5884,58.1893,17.238,10.1056,10.3242,12.9495,4.1846,55.1048,69.3497,32.0165,0,0,13.5669,14.5556,0.853416,0.486832,0.0741679,0.146584,0.513168,0.0724163,323.592,184.593,28.1225,55.5808,194.58,27.4583,0.461538,0.857143,0,0,0,0,1,0,0,0,1,0,379.173,0,0,0,379.173,0,7,0,4,0,0,1,2.2541,36.0215,73.7691,30.503,62.2644,3.18558,19.9161,0,146.389,37.7368,5.51349,11.1318,72.0339,15.1798,30.0603,6.37115,61.6649,178.882,44.4659,6.64074,125.09,0.388286,6,3.36462,9.45698,379.173,512.25,53.6586,0,0,5.68258,229.143,34.2457,90.6506,412.47,2066,54,158
2,63.2607,5,0,18,0,50,2,7,34,22,90.6411,1.81282,0,0,23,0,0,16,0,4,6,0,1,1.40285,-2.47126,-0.550249,0.615856,2.4745,-2.49383,-0.458913,0.711435,2.5345,-2.13676,-0.402621,0.772375,2.81313,30.1413,4,0.105263,18,54,4,38,2,4,0.105263,32,0,24.0348,18.1902,12.6353,14.9659,16.2757,11.4992,6.8356,9.69107,0,0,0.846053,13,0,-0.915133,-0.435661,0.0634296,2.73484,-0.994217,-0.369627,0.142282,2.81303,-0.491244,-0.187892,0.190481,3.04389,25.6413,10.4007,4.96,18.6041,7.46749,3.53495,4.08605,10,2,1,0,4.189,-6.84365,12.1848,1,1,28,0,5,4,3,0,0,2.74598,-2.74598,0.112561,0.161078,48.7365,101.002,0,10.1056,10.3242,19.6491,4.1846,24.5098,106.114,32.0165,0,0,47.498,7.90443,0.782645,0.529173,0.134457,0.217356,0.470827,0.0828984,322.485,218.043,55.4024,89.5603,194.002,34.1579,0.461538,0.857143,0,0,0,0,1,0,0,0,1,0,412.045,0,0,0,412.045,0,7,0,5,0,0,1,3.89,3.12431,80.8548,30.503,76.3202,6.37115,19.9161,0,216.962,0,26.7098,12.5168,79.1195,15.1798,80.9953,9.55672,31.5244,230.158,7.5867,6.64074,144.89,0.349836,6.24793,3.47873,9.92606,412.045,563.167,53.6586,0,0,5.68258,253.397,68.1767,72.9082,476.469,3134,65,190
2,51.8919,6,0,12,0,42,3,9,27,16,76.4508,1.82026,0,0,18,0,0,15,0,3,5,0,1,1.59276,-2.51691,-0.592826,0.649334,2.49685,-2.64322,-0.531238,0.700542,2.47968,-2.22103,-0.425274,0.805776,2.82124,27.7921,3,0.1,12,45,3,30,4,3,0.1,30,0,19.1814,14.7714,10.033,11.6899,12.9367,9.5458,5.1547,7.13299,0,0,0.84288,11,0,-0.915141,-0.425207,0.0762935,2.64483,-1.00113,-0.421408,0.139056,2.69015,-0.510509,-0.196432,0.215286,2.96025,20.28,8.02469,3.65625,15.4924,6.06229,2.7393,3.4785,8,3,1,0,1.774,-4.08298,9.79354,0,1,22,1,4,3,0,0,0,2.45821,-2.45821,0.125738,0.179934,47.4653,90.2021,0,10.1056,20.6483,12.9495,4.1846,24.5098,69.3497,32.0165,0,0,13.5669,15.672,0.803266,0.455323,0.0858275,0.196734,0.544677,0.110906,273.649,155.115,29.2389,67.0214,185.556,37.7825,0.454545,0.833333,0,0,0,0,1,0,0,0,1,0,340.67,0,0,0,340.67,0,6,0,4,0,0,1,1.5075,28.5095,73.7691,30.503,64.7511,3.18558,19.9161,0,146.389,0,5.51349,10.0115,72.0339,40.565,30.0603,6.37115,28.7677,141.145,46.9525,6.64074,119.3,0.410248,5.90689,3.2123,9.25621,340.67,457.242,53.6586,0,0,5.68258,199.285,34.2457,86.4751,385.4,1646,52,150
2,69.553,6,0,12,0,58,3,9,34,21,100.075,1.72543,0,0,24,0,0,24,0,4,5,0,1,1.54435,-2.67147,-0.545347,0.604274,2.61489,-2.64878,-0.453445,0.689882,2.69728,-2.41249,-0.400675,0.760371,2.88709,37.929,6,0.162162,12,61,5,37,5,6,0.162162,44,0,24.6206,19.4644,14.1877,16.129,16.0802,12.1067,7.53902,9.82894,0,0,0.79397,15,0,-0.915156,-0.406191,0.0635179,2.80185,-1.37034,-0.383725,0.142278,2.86759,-0.5326,-0.197547,0.184529,3.10578,27.046,11.1709,5.95684,20.4,8.34903,4.42347,5.00942,9,4,1,0,3.847,-6.60288,12.7512,0,1,23,0,4,6,2,0,0,2.90242,-2.90242,0.106494,0.152396,106.64,62.4546,0,27.3436,23.2737,12.9495,4.1846,59.9295,82.3353,32.0165,0,0,27.1338,14.5556,0.818696,0.47695,0.0920669,0.181304,0.52305,0.0892367,370.719,215.971,41.6894,82.0972,236.846,40.4078,0.466667,0.875,0,0,0,0,1,0,0,0,1,0,452.816,0,0,0,452.816,0,8,1,4,0,0,1,3.0598,36.0215,79.0279,54.3652,43.8248,10.7819,19.9161,0,146.389,36.5116,72.1655,13.0713,95.8961,15.1798,34.4711,9.55672,61.6649,160.014,48.9282,73.2928,142.16,0.343176,6.20945,3.61152,9.9102,452.816,605.243,67.2256,0,0,23.4251,272.078,47.1952,104.218,480.545,3299,61,184
2,59.5687,4,0,12,0,49,1,5,28,19,81.1337,1.65579,0,0,21,0,0,21,0,3,3,0,1,1.52217,-2.67404,-0.54597,0.604969,2.60888,-2.6287,-0.443088,0.707468,2.69849,-2.4133,-0.406189,0.755697,2.87952,34.3513,4,0.129032,12,52,3,31,5,4,0.129032,37,0,19.8885,16.5316,12.6877,14.397,13.365,10.6422,6.75632,8.77086,0,0,0.770194,12,0,-0.915525,-0.387181,0.0618053,2.72465,-0.994216,-0.315735,0.142267,2.79666,-0.532579,-0.184225,0.166768,3.02819,21.2404,8.62571,4.39646,16.394,6.58939,3.33402,3.85809,6,1,1,0,4.221,-6.10027,10.8923,0,1,22,1,4,4,0,0,0,1.88695,-1.88695,0.163804,0.234451,103.293,45.088,0,18.5641,0,0,4.1846,62.2119,94.5902,32.0165,0,0,13.5669,0.136891,0.952125,0.542008,0.0366753,0.0478745,0.457992,0.0111992,355.763,202.522,13.7038,17.8884,171.129,4.1846,0.5,1,0,0,0,0,1,0,0,0,1,0,373.652,0,0,0,373.652,0,6,1,4,0,0,1,3.8322,3.12431,74.198,6.64074,18.4396,31.4586,19.9161,0,158.36,18.8684,72.1655,11.0342,72.0339,15.1798,9.08584,6.37115,23.5242,177.228,26.4551,73.2928,78.84,0.398935,5.9542,3.34446,9.35182,373.652,513.485,53.6586,0,0,5.68258,265.902,29.7547,59.3412,395.483,1910,50,154
2,58.4025,6,0,12,0,48,2,8,31,18,92.5431,1.92798,0,0,20,0,1,17,0,4,5,0,1,1.61103,-2.52013,-0.564104,0.606706,2.50031,-2.67017,-0.437022,0.697428,2.47154,-2.21566,-0.399382,0.759751,2.82314,34.1195,4,0.117647,12,51,4,34,4,4,0.117647,35,0,22.4993,17.2731,11.7486,13.4304,14.5971,10.505,4.91894,6.85774,0,0,0.855023,12,0,-0.915111,-0.422566,0.0524598,2.69568,-1.00406,-0.391763,0.13682,2.72015,-0.499053,-0.185113,0.177522,3.00313,24.1349,9.33062,4.66574,18.07,6.91375,3.43097,4.03005,9,2,1,0,1.982,-4.64708,11.0219,0,1,22,1,4,3,1,0,0,2.74719,-2.74719,0.112512,0.161007,106.343,62.4546,22.2132,10.1056,23.2737,12.9495,4.1846,49.0196,32.585,32.0165,0,11.9086,27.1338,7.90443,0.782749,0.399332,0.116757,0.217251,0.600668,0.100494,314.737,160.568,46.9469,87.3547,241.524,40.4078,0.5,1,0,0,0,0,1,0,0,0,1,0,402.092,0,0,0,402.092,0,6,0,4,0,0,1,1.7425,3.12431,82.1522,63.4862,43.8248,3.18558,85.7105,0,128.746,0,20.4736,11.1681,95.8961,33.2642,39.1813,6.37115,28.7677,123.502,31.2851,72.4351,119.38,0.368752,6.08746,3.35137,9.6623,402.092,519.802,67.2256,0,0,5.68258,250.147,47.1952,86.4751,444.443,2414,59,172
2,62.4079,5,0,12,0,52,2,7,32,20,94.2359,1.81223,0,0,21,0,0,20,0,4,6,0,1,1.58718,-2.67088,-0.537828,0.610564,2.6157,-2.6486,-0.453437,0.689884,2.69745,-2.41249,-0.400676,0.76071,2.88689,34.5141,5,0.142857,12,55,4,35,5,5,0.142857,39,0,23.2064,18.0879,12.533,14.1375,15.0971,11.292,6.62833,8.51244,0,0,0.836181,13,0,-0.91515,-0.418329,0.0635541,2.77927,-0.998147,-0.383605,0.142393,2.83729,-0.532635,-0.18667,0.184506,3.0709,25.1037,9.93236,5.03472,19.3574,7.59045,3.82331,4.59162,10,2,1,0,4.195,-6.63517,11.5442,1,1,22,0,4,5,2,0,0,2.62181,-2.62181,0.117892,0.168706,118.894,57.9519,0,10.1056,10.3242,19.6491,4.1846,33.2111,70.0804,32.0165,0,0,47.498,7.90443,0.782526,0.463091,0.134531,0.217474,0.536909,0.0829436,322.26,190.71,55.4024,89.5603,221.11,34.1579,0.461538,0.857143,0,0,0,0,1,0,0,0,1,0,411.82,0,0,0,411.82,0,7,0,4,0,0,1,3.4695,3.12431,80.8548,30.503,94.7598,7.59637,19.9161,0,128.746,18.8684,74.9223,11.9139,79.1195,15.1798,85.4061,6.37115,31.5244,142.371,26.0263,73.2928,144.89,0.359771,6.12928,3.44937,9.74616,411.82,545.909,53.6586,0,0,5.68258,248.98,68.1767,72.9082,456.479,2690,60,176
2,58.5123,6,0,12,0,48,3,9,30,17,86.9713,1.8119,0,0,20,0,0,18,0,4,5,0,1,1.54931,-2.57434,-0.559671,0.606025,2.56163,-2.64472,-0.491404,0.700523,2.57331,-2.30386,-0.399898,0.760076,2.84869,31.3697,5,0.151515,12,51,4,33,4,5,0.151515,35,0,21.4659,16.5169,11.2401,12.9743,14.2925,10.5759,6.00825,8.04124,0,0,0.830599,13,0,-0.915155,-0.434208,0.0653013,2.70806,-1.3704,-0.390048,0.138998,2.7562,-0.514796,-0.196369,0.205651,3.01624,23.168,9.46939,4.71553,17.2813,6.9868,3.45248,4.02471,9,4,1,0,1.769,-4.64777,10.9485,0,1,22,1,4,5,1,0,0,2.73684,-2.73684,0.112937,0.161616,81.759,58.1893,0,27.3436,23.2737,12.9495,4.1846,33.2111,69.3497,32.0165,0,0,27.1338,14.5556,0.786186,0.459068,0.108576,0.213814,0.540932,0.105238,301.869,176.267,41.6894,82.0972,207.7,40.4078,0.461538,0.857143,0,0,0,0,1,0,0,0,1,0,383.966,0,0,0,383.966,0,7,0,4,0,0,1,1.7807,36.0215,79.0279,54.3652,43.8248,3.18558,19.9161,0,146.389,37.7368,5.51349,11.1458,95.8961,15.1798,30.0603,6.37115,61.6649,178.882,31.2851,6.64074,142.16,0.378242,6.04439,3.42028,9.55294,383.966,513.428,67.2256,0,0,23.4251,208.844,47.1952,104.218,426.453,2292,55,164
2,69.9218,6,0,12,0,59,2,8,34,21,100.676,1.70637,0,0,24,0,0,25,0,3,6,0,1,1.58519,-2.67138,-0.539415,0.614951,2.61497,-2.64884,-0.444651,0.695022,2.69716,-2.41249,-0.391784,0.756018,2.88699,41.5982,6,0.162162,12,62,4,37,5,7,0.189189,46,0,24.6206,19.8478,14.7401,16.4219,16.1351,12.3572,7.58544,9.55288,0,0,0.796437,14,0,-0.915156,-0.395551,0.0574974,2.80651,-0.99814,-0.346253,0.138597,2.86143,-0.5326,-0.185007,0.175965,3.10401,27.046,11.1709,5.64338,21.2798,8.72157,4.3821,5.45864,9,2,1,0,4.542,-6.55388,12.6985,0,1,22,0,4,6,2,0,0,2.79438,-2.79438,0.110611,0.158288,109.389,77.4059,0,10.1056,10.3242,27.658,4.1846,76.4686,70.0804,32.0165,0,0,27.1338,10.4082,0.824883,0.474779,0.0824782,0.175117,0.525221,0.0926386,375.466,216.108,37.542,79.7088,239.068,42.1668,0.5,1,0,0,0,0,1,0,0,0,1,0,455.175,0,0,0,455.175,0,7,0,4,0,0,1,3.738,3.12431,81.5146,41.5028,64.7511,34.6442,19.9161,0,128.746,18.8684,105.492,12.8441,106.896,15.1798,34.4711,9.55672,28.7677,142.371,54.698,106.619,125.37,0.343176,6.20945,3.51716,9.92431,455.175,607.135,67.2256,0,0,5.68258,291.928,51.458,86.4751,483.545,3208,63,184
2,42.1583,5,0,6,0,34,3,8,21,13,68.2388,2.00702,0,0,12,2,0,13,0,1,5,0,1,2.22079,-2.75393,-0.560113,0.564877,2.72875,-2.80024,-0.48351,0.900712,2.74366,-2.48963,-0.291411,0.923041,3.00734,24.4657,3,0.136364,6,35,1,22,2,3,0.136364,28,0,15.7841,13.1194,7.06048,7.70674,9.74692,8.37138,3.85162,4.54124,1,0,0.961903,8,0,-0.788097,-0.463141,0.0469246,2.63918,-0.952971,-0.385881,0.234394,2.66887,-0.523174,-0.206651,0.281486,2.90033,17.3554,6.62994,3.5046,18.2193,6.97734,3.69527,6.05344,6,2,1,0,2.198,-3.15506,7.95375,0,1,12,1,2,4,0,0,0,1.92379,-1.92379,0.163557,0.182388,48.4941,32.9711,0,8.45852,20.6483,14.7085,4.1846,34.1485,76.5665,0,0,32.0165,13.5669,15.5351,0.665913,0.57031,0.20285,0.334087,0.42969,0.131237,200.639,171.834,61.1185,100.66,129.465,39.5414,0.5,1,0,0,0,0,1,0,0,0,1,0,301.299,0,0,0,301.299,0,4,0,2,0,0,1,2.3268,25.3852,57.4357,34.4849,43.8248,0,1.55073,7.00121,35.2864,56.6052,83.5407,7.72934,72.0339,26.9038,26.936,16.2266,0,91.8916,26.185,84.938,94.91,0.468276,5.45943,2.89347,8.53454,301.299,368.239,32.0165,0,0,0,186.888,24.8141,72.7173,354.21,836,37,110
2,49.3577,4,0,12,0,36,1,5,25,16,72.5538,2.01538,0,0,16,0,1,11,0,2,3,0,3,1.58614,-2.39878,-0.645862,0.68992,2.43339,-2.62783,-0.518949,0.821739,2.4016,-2.02982,-0.49966,0.863771,2.83068,25.4023,4,0.148148,12,38,3,27,3,4,0.148148,23,0,18.0267,14.9977,8.7735,10.5352,11.8818,9.69117,4.56538,6.61616,0,0,0.906726,13,0,-0.826151,-0.419712,0.0729664,2.38988,-1.15505,-0.324819,0.188654,2.44642,-0.444109,-0.195767,0.247797,2.7312,19.7531,8.34714,4.6464,17.1287,7.19289,3.98513,4.92818,5,1,1,0,3.826,-6.55981,9.95681,0,1,18,1,3,3,0,0,0,1.77819,-1.77819,0.159434,0.153423,37.37,65.5631,40.4054,0,0,17.1341,0,24.5098,99.558,0,0,43.9252,13.5669,0,0.781815,0.530827,0.16809,0.218185,0.469174,0.050095,267.406,181.56,57.4921,74.6262,160.473,17.1341,0.461538,0.857143,0,0,0,0,1,0,0,0,1,0,342.033,0,0,0,342.033,0,7,0,3,0,0,1,2.9204,16.2825,56.4323,39.624,0,3.18558,3.10147,0,158.789,17.6432,92.3717,9.81775,72.0339,17.9619,26.9542,4.73631,0,158.789,22.902,84.0523,98.57,0.424338,5.75489,3.43913,8.99012,342.033,435.05,76.968,0,0,11.8137,209.353,33.7068,88.7816,394.471,1545,39,132
2,57.7231,5,0,12,0,42,2,7,28,18,86.9326,2.06982,0,0,17,2,0,14,0,2,4,0,3,1.54393,-2.46394,-0.635697,0.700416,2.50335,-2.68332,-0.521031,0.812251,2.4817,-2.14234,-0.46152,0.90133,2.87223,29.2769,5,0.166667,12,44,2,30,3,5,0.166667,30,0,20.4743,18.2573,9.69615,11.2757,13.2075,11.1972,4.42543,6.24915,1,1,0.943031,16,0,-0.816074,-0.412471,0.0774137,2.48546,-1.15434,-0.367954,0.20234,2.56291,-0.505598,-0.181513,0.322254,2.81938,22.68,9.42769,5.38903,23.0348,9.58082,5.47885,7.88187,6,2,1,0,4.18,-7.05635,11.5677,0,1,18,1,3,4,1,0,0,2.00809,-2.00809,0.141066,0.185524,53.6921,87.4073,40.7805,0,10.3242,4.1846,0,74.1347,91.1794,6.26798,0,32.0165,0,10.2713,0.861559,0.521305,0.103076,0.138441,0.478695,0.035365,353.462,213.87,42.2878,56.7966,196.389,14.5088,0.5,1,0,0,0,0,1,0,0,0,1,0,410.259,0,0,0,410.259,0,8,0,3,0,0,1,3.8885,52.6676,51.1735,12.6806,0,3.18558,38.4853,7.00121,123.502,17.6432,160.952,11.5791,48.1717,39.3869,17.8332,23.0208,0,123.502,17.6432,197.733,110.96,0.389835,5.90689,3.67282,9.30257,410.259,506.254,65.9048,0,0,11.8137,269.127,33.7068,91.2854,477.413,2204,45,148
2,53.3631,5,0,12,0,40,1,6,26,16,75.3324,1.88331,0,0,17,0,0,14,0,2,4,0,3,1.53207,-2.39885,-0.627081,0.703644,2.43304,-2.62782,-0.53808,0.805915,2.41858,-2.02995,-0.499862,0.854311,2.83074,29.3949,5,0.178571,12,42,3,28,3,5,0.178571,27,0,18.7338,16.0279,9.7735,11.5352,12.403,10.1086,4.5594,6.59932,0,0,0.870468,15,0,-0.826168,-0.406287,0.082938,2.41317,-1.15505,-0.349967,0.164454,2.49001,-0.483399,-0.194508,0.193051,2.75569,20.727,9,5.09343,18.2092,7.86377,4.43309,5.50743,6,1,1,0,3.631,-6.31521,10.5391,0,1,18,1,3,4,0,0,0,1.91642,-1.91642,0.147935,0.181543,60.1591,86.8178,31.3845,0,0,17.1341,0,38.9733,87.3031,0,0,32.0165,13.5669,2.50376,0.823659,0.471432,0.130015,0.176341,0.528568,0.0463261,304.638,174.364,48.0872,65.2213,195.496,17.1341,0.466667,0.875,0,0,0,0,1,0,0,0,1,0,369.859,0,0,0,369.859,0,8,0,3,0,0,1,2.7899,27.2824,56.4323,30.503,0,3.18558,38.4853,0,158.789,17.6432,82.655,10.4772,72.0339,14.0017,17.8332,9.97974,0,158.789,22.902,119.436,107.8,0.412109,5.80735,3.58778,9.08757,369.859,466.998,79.4717,0,0,11.8137,232.54,33.7068,91.2854,406.507,1795,40,136
2,55.9571,7,0,11,0,47,4,11,28,15,85.6868,1.82312,0,0,18,0,0,19,0,5,4,0,1,1.56643,-2.66819,-0.554253,0.626681,2.61702,-2.6493,-0.481814,0.6938,2.69624,-2.41212,-0.399346,0.756329,2.8858,32.8249,4,0.129032,11,50,3,31,5,4,0.129032,36,0,20.0517,16.1167,10.8783,12.1459,13.2925,10.2357,5.42897,6.78769,0,0,0.826958,12,0,-0.915105,-0.401891,0.0685744,2.70813,-0.99834,-0.370786,0.141134,2.74282,-0.532627,-0.194892,0.180047,3.00229,21.2404,8.26256,4,16.4923,6.3514,3.05286,3.74104,9,3,1,0,3.223,-4.59224,10.2734,0,1,21,1,4,4,1,0,0,2.48777,-2.48777,0.124244,0.177797,92.176,57.648,11.1906,18.7246,10.3242,12.9495,4.1846,20.9562,70.0804,32.0165,9.42104,0,17.4423,7.90443,0.855336,0.432364,0.0694395,0.144664,0.567636,0.0752244,312.213,157.821,25.3467,52.805,207.198,27.4583,0.5,1,0,0,0,0,1,0,0,0,1,0,365.018,0,0,0,365.018,0,6,0,4,0,0,1,2.2844,3.12431,90.4322,47.166,43.8248,7.59637,19.9161,0,93.0305,18.8684,71.7367,10.463,72.0339,31.8428,51.1341,6.37115,28.3388,106.656,26.0263,73.2928,127.75,0.398935,5.9542,3.30796,9.35568,365.018,485.45,53.6586,0,0,5.68258,204.427,45.4363,91.7502,401.447,1862,51,156
2,35.7007,3,0,6,0,28,1,4,17,12,56.578,2.02064,0,0,10,2,0,11,0,1,3,0,1,2.13256,-2.50939,-0.560052,0.564795,2.69017,-2.60543,-0.3339,0.921896,2.70485,-2.22061,-0.234493,0.923832,2.99115,21.3213,2,0.111111,6,29,0,18,2,2,0.111111,23,0,12.6294,11.1866,5.98313,6.55204,7.92556,7.30475,3.1547,3.79966,0,0,0.956389,7,0,-0.806288,-0.396264,0.0219283,2.48455,-0.941836,-0.311867,0.244826,2.54463,-0.526232,-0.088976,0.265247,2.75995,13.4321,4.93827,2.56,15.0532,5.57477,2.90667,4.93634,4,1,1,0,2.13,-2.95745,6.79738,0,1,11,1,2,2,0,0,0,1.30947,-1.30947,0.240273,0.267953,44.2287,29.8252,0,8.45852,10.3242,0,4.1846,38.6396,76.5665,0,0,32.0165,0,7.76754,0.784562,0.615013,0.157866,0.215438,0.384987,0.0575719,197.718,154.99,39.7841,54.2928,97.0212,14.5088,0.428571,0.75,0,0,0,0,1,0,0,0,1,0,252.011,0,0,0,252.011,0,4,0,2,0,0,1,2.4835,25.3852,49.6902,6.64074,36.8792,0,1.55073,7.00121,35.2864,37.7368,83.5407,6.61196,48.1717,26.9038,1.55073,12.2446,0,73.0232,36.8792,84.938,57.61,0.542349,5.16993,2.68304,7.91228,252.011,309.679,32.0165,0,0,0,184.679,10.1056,45.5834,296.174,471,27,90
2,77.4934,6,0,18,0,64,2,8,37,26,104.648,1.63512,0,0,28,0,0,27,0,3,5,0,1,1.31978,-2.67139,-0.567072,0.626452,2.61495,-2.64862,-0.500125,0.715599,2.69747,-2.41249,-0.40074,0.772176,2.88686,42.8266,7,0.170732,18,68,3,41,5,7,0.170732,47,0,26.1561,21.3263,16.6269,18.9575,17.742,13.4602,8.89257,11.7372,0,0,0.770165,16,0,-0.915155,-0.400107,0.0636019,2.82499,-0.998135,-0.316608,0.142321,2.90674,-0.532606,-0.194265,0.184039,3.12421,28.5259,12.25,6.34294,21.947,9.35186,4.81525,5.54716,8,2,0,2,6.004,-7.66322,14.1873,0,1,28,0,5,7,3,0,0,2.80523,-2.80523,0.110184,0.157676,94.3846,107.191,0,10.1056,10.3242,12.9495,4.1846,59.9295,131.355,32.0165,0,0,13.5669,10.4082,0.89426,0.508363,0.0492893,0.10574,0.491637,0.0564503,434.982,247.276,23.9751,51.4334,239.14,27.4583,0.5,1,0,0,0,0,1,0,0,0,1,0,486.416,0,0,0,486.416,0,8,0,5,0,0,1,5.4067,14.1242,73.7691,30.503,43.8248,10.7819,19.9161,0,216.962,18.8684,98.3352,14.3463,72.0339,26.1797,34.4711,14.8002,28.7677,251.513,26.0263,73.2928,108.3,0.327039,6.35755,3.73137,10.1518,486.416,672.072,56.1624,0,0,5.68258,350.02,34.2457,75.4119,517.606,4254,66,202
2,69.9283,6,0,18,0,55,2,8,37,26,105.31,1.91473,0,0,25,0,2,18,0,2,6,0,2,1.36688,-2.47525,-0.641712,0.676648,2.51763,-2.47731,-0.53808,0.805915,2.54668,-2.14237,-0.440201,0.854311,2.85161,38.6337,4,0.097561,18,59,3,41,3,4,0.097561,38,0,26.6979,20.699,14.058,16.4135,17.3472,14.1654,6.93966,9.71548,0,0,0.880327,16,0,-0.887714,-0.469548,0.0831331,2.8082,-0.958726,-0.37272,0.165156,2.87016,-0.462319,-0.194685,0.193051,3.09837,28.5259,10.7666,5.76,22.793,8.54622,4.55041,5.2647,8,2,1,1,3.379,-6.50987,13.3068,0,1,28,0,5,4,2,0,0,3.95136,-3.95136,0.0726213,0.119636,14.4634,81.7436,65.1109,24.9891,24.5551,21.3187,0,75.738,31.0226,6.5128,0,23.9542,13.5669,71.8006,0.658743,0.489461,0.240386,0.341257,0.510539,0.100871,299.58,222.595,109.322,155.196,232.181,45.8739,0.5,1,0,0,0,0,1,0,0,0,1,0,454.776,0,0,0,454.776,0,8,0,5,0,0,1,4.1914,3.12431,119.613,55.8628,25.3852,6.37115,40.735,0,197.684,0,53.8733,13.2187,120.206,29.9202,49.853,12.3135,28.7677,210.88,5.25878,45.4497,120.85,0.327039,6.35755,3.69698,10.1504,454.776,618.583,77.6,0,0,5.68258,312.964,25.9751,96.8495,544.555,4108,70,210
2,65.024,5,0,12,0,57,4,9,33,24,96.032,1.68477,0,0,24,0,3,24,0,1,5,0,0,1.94511,-2.66577,-0.640946,0.682659,2.83694,-2.69693,-0.53808,0.719628,2.82538,-2.42838,-0.470287,0.813622,3.06775,34.7,8,0.228571,12,59,3,35,6,9,0.257143,44,0,24.3885,17.8796,14.1793,15.8112,15.5247,10.5471,8.2152,10.1826,3,0,0.811638,12,0,-0.818298,-0.410608,0.0799984,3.00959,-0.955645,-0.317307,0.179517,3.04064,-0.529861,-0.217602,0.193051,3.24932,27.5853,11.3728,5.87755,21.0064,8.58181,4.40577,5.46281,6,2,1,1,5.31676,-5.90766,11.6427,0,1,17,0,3,8,2,0,0,2.98511,-2.98511,0.139834,0.110883,53.3932,48.0084,0,0,20.6483,42.3665,9.0455,68.6308,97.4248,0,35.7259,0,40.7008,15.5351,0.70266,0.597983,0.130333,0.29734,0.402017,0.167008,303.183,258.017,56.2358,128.296,173.462,72.0604,0.5,1,0,0,0,0,1,0,0,0,1,0,431.479,0,0,0,431.479,0,6,0,3,0,0,0.575758,5.414,0,23.874,47.7244,50.7705,37.8297,0,7.75952,158.789,79.4556,78.2064,11.2659,71.5866,48.0047,62.9408,13.5387,0,234.262,20.7497,33.326,94.91,0.344202,6.12928,3.40594,9.85054,431.479,571.008,13.5669,0,0,0,295.224,42.3665,67.8346,463.452,2867,59,174
2,80.589,8,0,11,0,67,2,10,38,22,123.633,1.84527,0,0,24,0,0,29,0,5,6,0,3,1.53796,-2.66121,-0.521896,0.490388,2.61428,-2.69769,-0.443311,0.587575,2.69425,-2.4139,-0.260683,0.685221,2.9347,53.833,8,0.195122,11,70,4,41,6,8,0.195122,55,0,27.9908,23.9846,15.533,17.0077,17.7022,16.0097,7.16103,8.75889,0,0,0.841674,15,0,-0.915111,-0.395688,0.0126039,2.82973,-0.994167,-0.361004,0.117905,2.86826,-0.53282,-0.171771,0.171702,3.13238,30.9471,12.0816,6.74598,27.4329,10.6735,5.94565,7.70541,11,2,0,2,3.803,-6.72811,14.6399,0,1,22,0,4,7,2,0,0,3.14816,-3.14816,0.0980919,0.1405,137.719,38.7658,27.9542,50.59,10.3242,12.9495,4.1846,25.1408,119.831,46.2475,9.42104,32.0165,13.5669,7.90443,0.849154,0.473575,0.0996763,0.150846,0.526425,0.0511694,455.669,254.128,53.4879,80.9462,282.488,27.4583,0.466667,0.875,0,0,0,0,1,0,0,0,1,0,536.616,0,0,0,536.616,0,8,0,4,0,0,1,3.5399,1.51856,127.699,41.1257,43.8248,5.7692,73.5137,0,104.032,18.8684,170.095,14.8823,120.206,34.8446,32.8653,13.7694,23.5242,122.9,28.783,209.554,148.81,0.314555,6.35755,3.74661,10.2234,536.616,688.774,95.0962,0,0,5.68258,343.057,51.0509,114.346,579.723,4520,68,208
2,74.4018,8,0,11,0,61,2,10,36,20,115.697,1.89667,0,0,22,0,0,25,0,5,6,0,3,1.53939,-2.66117,-0.520428,0.493064,2.61427,-2.63218,-0.443145,0.584502,2.69425,-2.4139,-0.258776,0.685075,2.86918,49.4602,7,0.179487,11,64,4,39,5,7,0.179487,49,0,26.4135,22.4072,13.9557,15.4304,16.8242,14.6552,6.00632,7.60419,0,0,0.862096,15,0,-0.914887,-0.39566,0.0172933,2.78011,-0.994186,-0.42143,0.117902,2.79601,-0.532818,-0.171444,0.171531,3.06997,28.9941,11.2389,5.96063,25.9096,10.0097,5.29633,7.20411,11,2,0,2,3,-6.07369,13.7417,0,1,22,0,4,6,2,0,0,3.01048,-3.01048,0.105888,0.146923,123.609,38.7658,27.413,29.8662,10.3242,17.1341,4.1846,71.6182,70.0804,46.2475,9.42104,32.0165,13.5669,7.90443,0.830468,0.49956,0.106517,0.169532,0.50044,0.0630147,417.021,250.855,53.4879,85.1308,251.296,31.6429,0.466667,0.875,0,0,0,0,1,0,0,0,1,0,502.151,0,0,0,502.151,0,8,0,4,0,0,1,2.6158,0,129.218,37.1437,43.8248,5.7692,109.168,0,104.032,18.8684,100.686,13.7237,120.206,36.3631,32.8975,9.7874,20.7675,122.9,28.783,177.006,148.81,0.32818,6.2854,3.6871,10.0693,502.151,639.916,95.0962,0,0,5.68258,311.44,51.0509,114.346,551.669,3875,66,198
2,62.3135,5,0,11,0,47,2,7,30,20,96.1133,2.04496,0,1,19,1,0,17,0,3,4,0,2,1.58989,-2.6714,-0.553701,0.625478,2.61471,-2.64847,-0.450932,0.723461,2.69717,-2.41247,-0.373163,0.77632,2.88706,33.9685,4,0.121212,11,50,3,33,5,4,0.121212,36,0,21.7922,19.9147,11.301,12.5935,14.1139,12.4888,5.6403,7.04611,0,0,0.971584,12,0,-0.925633,-0.399,0.067763,2.71987,-0.998091,-0.294708,0.161659,2.79759,-0.532594,-0.182883,0.227018,3.03181,23.168,8.74125,4.19917,22.5463,8.49847,4.07975,6.38698,7,2,0,2,5.684,-7.94589,12.1373,0,1,21,0,4,4,2,0,0,2.25053,-2.25053,0.138972,0.200407,97.3011,34.4282,2.25221,29.8662,10.3242,12.9495,4.1846,64.5811,111.917,32.0165,0,0,13.5669,7.90443,0.883858,0.545907,0.0509655,0.116142,0.454093,0.0651764,372.363,229.986,21.4714,48.9297,191.306,27.4583,0.5,1,0,0,0,0,1,0,0,0,1,0,421.292,0,0,0,421.292,0,6,0,4,0,0,1,5.0387,3.12431,73.7691,30.503,43.8248,7.59637,22.9712,1.67343,75.8162,18.8684,186.719,12.3071,72.0339,15.1798,37.5262,8.04458,26.9405,89.4411,26.0263,189.673,99.07,0.378242,6.04439,3.36461,9.55744,421.292,546.377,53.6586,0,0,5.68258,294.518,34.2457,72.9082,530.851,2232,57,168
2,57.4377,4,0,12,0,47,2,6,31,21,90.3624,1.92261,0,0,20,0,1,16,0,3,6,0,1,1.44324,-2.53707,-0.623993,0.659604,2.60328,-2.56503,-0.492181,0.794491,2.58764,-2.26547,-0.463206,0.820294,2.88195,30.0243,4,0.117647,12,50,4,34,3,4,0.117647,34,0,22.4993,16.8889,11.4033,13.1375,14.5802,10.6406,5.81766,7.8265,1,1,0.873888,16,0,-0.863983,-0.432551,0.08074,2.74138,-0.945512,-0.341863,0.164403,2.77423,-0.511687,-0.20429,0.208525,3.00686,24.1349,9.33062,4.8,18.4067,7.04748,3.59981,4.18455,9,2,1,0,2.564,-5.39422,10.8455,1,1,22,1,4,4,1,0,0,3.18771,-3.18771,0.0890508,0.146409,38.2434,60.4949,43.2939,4.26539,24.5551,23.8337,0,57.7209,31.0226,0,0,12.0455,47.498,39.7841,0.614073,0.491358,0.259505,0.385927,0.508642,0.126422,235.041,188.071,99.3276,147.716,194.686,48.3888,0.5,1,0,0,0,0,1,0,0,0,1,0,382.757,0,0,0,382.757,0,8,0,4,0,0,1,3.2839,0,81.6512,43.8445,76.3202,3.18558,12.7365,0,139.511,0,72.2392,10.826,79.1195,18.0844,86.992,18.3533,23.5242,157.95,5.25878,40.2053,132.53,0.368752,6.08746,3.65327,9.61013,382.757,509.707,45.5834,0,0,5.68258,246.968,53.3934,64.8329,445.427,2696,56,172
2,38.8711,5,0,6,0,29,3,8,20,12,63.5232,2.19046,0,0,10,2,0,9,0,1,5,0,2,2.20123,-2.49305,-0.542555,0.525967,2.67277,-2.67091,-0.435847,0.759859,2.60298,-2.20746,-0.272596,0.816472,2.99886,22.3729,3,0.142857,6,30,1,21,2,3,0.142857,23,0,15.077,12.9299,5.64626,6.29253,9.24692,8.60343,2.35162,3.04124,1,0,1.04816,8,0,-0.773719,-0.441177,0.0453858,2.48566,-0.970394,-0.422055,0.234006,2.51663,-0.497234,-0.166456,0.364107,2.78284,16.3719,6.01172,3.12245,18.5785,6.86821,3.58491,6.38004,6,2,1,0,1.536,-3.24713,7.68046,0,1,11,1,2,3,0,0,0,1.91701,-1.91701,0.164148,0.183034,57.2783,32.9711,0,8.45852,20.6483,14.7085,4.1846,12.2549,59.1639,0,19.7606,32.0165,13.5669,15.5351,0.653551,0.524176,0.210357,0.346449,0.475824,0.136093,189.887,152.298,61.1185,100.66,138.249,39.5414,0.5,1,0,0,0,0,1,0,0,0,1,0,290.547,0,0,0,290.547,0,4,0,2,0,0,1,1.8472,25.3852,57.4357,34.4849,59.4235,0,1.55073,7.00121,35.2864,0,115.76,7.59014,72.0339,26.9038,26.936,16.2266,0,35.2864,41.7838,117.158,94.91,0.484648,5.39232,2.86371,8.38858,290.547,341.763,32.0165,0,0,0,178.984,24.8141,72.7173,358.222,734,34,106
2,67.3666,6,0,6,0,58,2,8,32,19,99.8343,1.72128,0,0,22,0,0,26,0,4,5,0,1,1.55031,-2.67234,-0.545598,0.591809,2.66028,-2.73016,-0.452624,0.653973,2.69716,-2.41264,-0.363002,0.751158,2.93267,42.7554,5,0.142857,6,61,5,35,5,5,0.142857,50,0,23.2064,19.0689,13.9223,15.1375,15.0971,11.9825,6.84741,8.27329,0,0,0.794252,14,0,-0.920608,-0.386289,0.0581398,2.85175,-1.13492,-0.35181,0.108383,2.8657,-0.532611,-0.185575,0.166367,3.13697,25.1037,9.93236,5.03472,20.1566,7.91529,3.99103,4.9858,9,2,1,0,2.597,-4.73318,11.9313,0,1,22,0,4,5,2,0,0,2.71896,-2.71896,0.110607,0.163942,150.627,42.9589,13.1923,10.1056,23.2737,12.9495,4.1846,29.6575,74.2601,40.0917,0,0,27.1338,7.90443,0.827093,0.41034,0.0803005,0.172907,0.58966,0.0926065,360.893,179.048,35.0383,75.4461,257.292,40.4078,0.5,1,0,0,0,0,1,0,0,0,1,0,436.339,0,0,0,436.339,0,7,0,4,0,0,1,2.1437,21.1351,64.1415,54.3652,80.704,7.59637,22.6728,0,75.8162,37.7368,102.735,12.1186,95.8961,18.3041,50.9311,10.6786,8.00018,108.31,68.1642,106.619,119.38,0.359771,6.12928,3.53252,9.73052,436.339,577.322,67.2256,0,0,5.68258,276.643,47.1952,86.4751,458.539,2753,60,176
2,50.9807,4,0,12,0,36,1,5,25,16,72.5538,2.01538,0,0,16,1,0,11,0,2,3,0,3,1.55252,-2.39882,-0.632976,0.706417,2.43296,-2.62782,-0.53808,0.81501,2.40936,-2.0298,-0.499862,0.866323,2.83072,24.6193,4,0.148148,12,38,3,27,3,4,0.148148,23,0,18.0267,15.7536,8.7735,10.5352,11.865,10.0632,4.5594,6.59932,0,0,0.917525,14,0,-0.826166,-0.402256,0.0846604,2.38644,-1.15505,-0.318941,0.19671,2.45757,-0.444093,-0.19498,0.347706,2.73484,19.7531,8.34714,4.83798,18.2944,7.70501,4.45467,5.63834,5,1,1,0,4.267,-6.99912,10.3842,0,1,18,1,3,3,0,0,0,1.67763,-1.67763,0.168991,0.16262,39.6812,65.5631,31.3845,0,0,17.1341,0,38.9733,116.885,0,0,32.0165,13.5669,0,0.823433,0.567115,0.12833,0.176567,0.432885,0.0482373,292.487,201.442,45.5834,62.7176,153.763,17.1341,0.5,1,0,0,0,0,1,0,0,0,1,0,355.205,0,0,0,355.205,0,7,0,3,0,0,1,3.4347,16.2825,56.4323,30.503,0,3.18558,3.10147,3.50061,158.789,17.6432,116.56,10.323,72.0339,3.00179,17.8332,8.23692,0,158.789,22.902,123.201,98.57,0.424338,5.75489,3.50016,8.9805,355.205,447.864,76.968,0,0,11.8137,222.525,33.7068,88.7816,410.926,1581,38,132
2,52.2317,4,0,12,0,39,1,5,28,19,82.3254,2.11091,0,0,17,0,3,11,0,2,3,0,3,1.52255,-2.39884,-0.633504,0.705468,2.43368,-2.62782,-0.53808,0.805915,2.47365,-2.03014,-0.499862,0.86303,2.8308,27.8083,4,0.133333,12,41,3,30,3,5,0.166667,26,0,20.5267,16.2536,9.2735,11.0352,13.0763,10.3132,4.8094,6.88799,0,0,0.9543,15,0,-0.826167,-0.400306,0.0840635,2.42582,-1.15505,-0.30854,0.2602,2.50455,-0.46424,-0.194977,0.245522,2.76025,22.68,9.01333,5.58678,19.7157,7.79266,4.81146,5.48706,5,1,1,0,4.60976,-7.32138,10.4648,0,1,18,1,3,3,0,0,0,2.10702,-2.10702,0.19811,0.12948,35.1615,67.7716,31.3845,0,0,17.1341,9.0455,38.9733,87.3031,0,35.7259,32.0165,13.5669,0,0.805036,0.563964,0.12384,0.194964,0.436036,0.0711243,296.32,207.586,45.5834,71.7631,160.497,26.1796,0.466667,0.875,0,0,0,0,1,0,0,0,1,0,368.083,0,0,0,368.083,0,8,0,3,0,0,1,4.1116,16.2825,56.4323,30.503,0,6.37115,3.10147,7.75952,158.789,17.6432,122.292,10.3339,72.0339,47.8821,25.5927,7.92188,0,158.789,22.902,84.0523,98.57,0.389835,5.90689,3.68342,9.29668,368.083,465.764,76.968,0,0,11.8137,235.403,33.7068,88.7816,444.478,2229,44,150
2,68.1176,5,0,12,0,60,4,9,34,25,99.7411,1.66235,0,0,25,0,3,26,0,1,5,0,0,1.96716,-2.68791,-0.618186,0.654374,2.84187,-2.71682,-0.53808,0.67825,2.82497,-2.45014,-0.460626,0.779405,3.07293,36.8864,7,0.194444,12,62,3,36,5,8,0.222222,47,0,25.4219,18.9653,15.2651,16.8446,15.7744,10.8137,8.48172,10.4323,3,0,0.801896,13,0,-0.818251,-0.398456,0.07734,3.04689,-0.95569,-0.306395,0.165849,3.07685,-0.532257,-0.217507,0.190982,3.28692,28.5694,11.1709,6.12346,21.9426,8.50671,4.63508,5.48997,6,2,1,1,5.53076,-6.38158,12.0591,0,1,17,0,3,7,2,0,0,3.00226,-3.00226,0.139036,0.11025,66.1893,43.743,0,0,20.6483,42.3665,9.0455,87.3785,88.7235,0,35.7259,0,40.7008,15.5351,0.714933,0.595622,0.124953,0.285067,0.404377,0.160114,321.76,268.064,56.2358,128.296,181.993,72.0604,0.461538,0.857143,0,0,0,0,1,0,0,0,1,0,450.056,0,0,0,450.056,0,7,0,3,0,0,0.588235,5.57832,0,23.874,47.7244,50.7705,45.4261,0,7.75952,141.145,41.7188,144.858,11.7326,71.5866,48.0047,67.3516,16.7243,0,178.882,20.7497,99.978,94.91,0.336445,6.16993,3.43402,9.93735,450.056,595.438,13.5669,0,0,0,311.033,42.3665,67.8346,477.479,3092,61,182
2,79.267,6,0,12,0,67,3,9,38,24,113.945,1.70068,0,0,27,0,0,29,0,5,5,0,1,1.27045,-2.67223,-0.550838,0.629259,2.65993,-2.73516,-0.455045,0.722764,2.69716,-2.41263,-0.403748,0.777494,2.93166,46.695,6,0.142857,12,71,5,42,5,7,0.166667,54,0,27.0264,21.9556,16.309,18.2503,18.1527,13.8932,8.25809,10.5124,0,0,0.782902,18,0,-0.920487,-0.386259,0.0705514,2.88402,-1.13493,-0.323248,0.141648,2.90022,-0.532611,-0.186382,0.184551,3.17067,29.4909,12.4745,6.42857,22.6173,9.49409,4.86655,5.6508,10,3,1,1,3.895,-6.3909,14.2877,0,1,28,0,5,6,3,0,0,3.23994,-3.23994,0.0999044,0.13758,125.783,64.2859,13.1923,18.7246,10.3242,12.9495,21.6251,54.1673,111.025,40.0917,0,13.5669,13.5669,8.04132,0.84217,0.473957,0.0693321,0.15783,0.526043,0.088498,427.269,240.459,35.1752,80.074,266.884,44.8988,0.5,1,0,0,0,0,1,0,0,0,1,0,507.343,0,0,0,507.343,0,9,0,5,0,0,1,3.8293,21.1351,81.7234,30.503,80.704,7.59637,22.6728,0,164.032,37.7368,96.0277,14.5966,95.8961,18.3041,50.9311,10.6786,28.7677,196.525,67.7354,73.2928,131.41,0.320144,6.39232,3.88461,10.1989,507.343,684.153,67.2256,0,0,11.3652,332.976,51.6862,92.1576,535.625,4754,69,208
2,71.2622,7,0,6,0,62,2,9,34,20,107.003,1.72585,0,0,23,0,0,28,0,4,6,0,1,1.50724,-2.67349,-0.491741,0.548133,2.67509,-2.76512,-0.413053,0.618888,2.69717,-2.41285,-0.292676,0.71406,2.94189,46.8578,6,0.162162,6,65,5,37,5,7,0.189189,54,0,24.6206,20.1842,14.6294,15.8446,16.1182,12.541,6.70096,8.10419,0,0,0.797772,16,0,-0.920644,-0.400346,0.0366356,2.87485,-1.13492,-0.323351,0.120203,2.88184,-0.532613,-0.178151,0.1608,3.15635,27.046,11.1709,5.79693,22.3772,9.18669,4.74699,6.04624,10,2,1,0,2.793,-4.9653,12.5926,0,1,22,0,4,7,2,0,0,2.98361,-2.98361,0.0990272,0.149409,144.081,77.4782,13.1923,10.1056,10.3242,31.8426,0,29.6575,74.2601,40.0917,0,0,27.1338,10.4082,0.829891,0.387454,0.0801196,0.170109,0.612546,0.0899894,388.866,181.551,37.542,79.7088,287.024,42.1668,0.5,1,0,0,0,0,1,0,0,0,1,0,468.575,0,0,0,468.575,0,8,1,4,0,0,1,1.7702,21.1351,66.6282,65.3651,99.1435,7.59637,58.0567,0,75.8162,37.7368,69.4088,12.7388,106.896,18.3041,50.9311,10.6786,8.00018,108.31,89.0905,108.677,128.61,0.343176,6.20945,3.68789,9.89199,468.575,612.412,67.2256,0,0,5.68258,303.192,51.458,86.4751,488.565,3375,62,184
2,72.7586,7,0,6,0,64,3,10,33,21,106.768,1.66826,0,0,23,0,0,31,0,5,4,0,1,1.5128,-2.70515,-0.545695,0.591864,2.68415,-2.79737,-0.452629,0.658422,2.69718,-2.43512,-0.363016,0.751347,2.95384,46.6034,7,0.194444,6,67,4,36,5,7,0.194444,57,0,23.7503,19.8593,14.5436,15.6814,15.7244,12.7792,7.34741,8.69594,0,0,0.769773,16,0,-0.920774,-0.386172,0.0578917,2.89861,-1.36333,-0.33081,0.130111,2.90773,-0.532616,-0.185556,0.166373,3.17809,26.0741,10.9477,5.55556,22.0862,9.22286,4.66174,6.17268,9,4,1,0,2.55,-4.45026,12.6094,0,1,22,0,4,8,2,0,0,2.7751,-2.7751,0.106464,0.160636,157.868,42.9589,30.4304,10.1056,10.3242,17.1341,0,51.5512,74.2601,40.0917,0,0,13.5669,14.5556,0.879915,0.419201,0.0607598,0.120085,0.580799,0.0593249,407.266,194.025,28.1225,55.5808,268.821,27.4583,0.5,1,0,0,0,0,1,0,0,0,1,0,462.846,0,0,0,462.846,0,8,0,4,0,0,1,1.946,54.0323,58.8827,30.503,117.583,7.59637,22.6728,0,75.8162,56.6052,69.4088,12.9044,72.0339,18.3041,50.9311,10.6786,40.8974,127.178,99.7846,73.2928,128.33,0.351258,6.16993,3.64742,9.80776,462.846,615.243,53.6586,0,0,5.68258,303.642,34.2457,90.6506,473.598,3092,60,178
2,62.3307,4,0,18,0,49,2,6,33,25,89.0817,1.81799,0,0,24,0,2,16,0,2,4,0,1,1.38984,-2.47282,-0.641712,0.682299,2.49304,-2.47211,-0.53808,0.805915,2.54033,-2.14056,-0.442275,0.854311,2.83027,29.9713,3,0.0810811,18,53,3,37,2,3,0.0810811,32,0,23.3277,17.7352,13.1353,15.5432,15.742,11.4176,7.02898,9.89898,0,0,0.84038,14,0,-0.864279,-0.452035,0.0831331,2.75155,-0.958725,-0.371621,0.166476,2.8291,-0.462315,-0.196684,0.193051,3.04831,24.6837,9.80612,4.85748,18.2086,7.16004,3.52035,3.95073,6,2,1,0,4.144,-6.36918,11.9464,0,1,28,0,5,3,3,0,0,3.00471,-3.00471,0.0923041,0.155327,14.4634,86.009,40.0598,4.26539,24.5551,17.1341,0,75.738,55.5324,0,0,23.9542,13.5669,39.7841,0.698796,0.527956,0.195678,0.301204,0.472044,0.105526,276.068,208.576,77.3051,118.994,186.487,41.6893,0.5,1,0,0,0,0,1,0,0,0,1,0,395.062,0,0,0,395.062,0,7,0,5,0,0,1,4.7879,3.12431,71.4412,48.9835,25.3852,6.37115,7.49306,0,215.327,0,53.8733,11.9077,72.0339,29.9202,48.3023,12.3135,28.7677,228.523,5.25878,6.87927,86.71,0.358235,6.20945,3.4812,9.83482,395.062,555.063,45.5834,0,0,5.68258,293.204,19.4623,64.8329,466.464,2920,62,186
2,53.7177,4,0,12,0,38,2,6,27,18,83.8577,2.20678,0,0,16,2,1,11,0,2,3,0,3,1.55641,-2.46304,-0.649844,0.712113,2.50318,-2.68339,-0.515176,0.822529,2.47993,-2.14167,-0.480691,0.94842,2.87196,25.2843,4,0.137931,12,40,2,29,3,4,0.137931,26,0,19.7672,17.2271,8.69615,10.2757,12.6695,10.7738,4.42543,6.24915,1,1,0.981176,15,0,-0.815957,-0.401723,0.0862792,2.4577,-1.15434,-0.332384,0.265303,2.53117,-0.505601,-0.179222,0.369146,2.79532,21.7027,8.78853,5.1358,21.9085,8.87517,5.18786,7.20155,5,2,1,0,4.377,-7.30095,10.977,0,1,18,1,3,3,1,0,0,1.85519,-1.85519,0.1527,0.200815,28.6944,66.1526,49.8013,0,10.3242,4.1846,0,74.1347,91.1794,6.26798,0,43.9252,0,7.76754,0.826893,0.583829,0.135168,0.173107,0.416171,0.0379382,316.23,223.275,51.6927,66.2015,159.157,14.5088,0.466667,0.875,0,0,0,0,1,0,0,0,1,0,382.432,0,0,0,382.432,0,8,0,3,0,0,1,4.019,41.6677,51.1735,21.8016,0,3.18558,3.10147,7.00121,123.502,17.6432,170.669,10.9197,48.1717,43.3471,26.9542,17.7773,0,123.502,17.6432,162.35,101.73,0.400631,5.85798,3.59943,9.2015,382.432,474.305,63.401,0,0,11.8137,245.939,33.7068,88.7816,465.377,1966,43,144
2,51.8507,4,0,12,0,36,1,5,25,16,72.5538,2.01538,0,1,16,0,0,11,0,2,3,0,3,1.55252,-2.39883,-0.63328,0.70588,2.43295,-2.62782,-0.53808,0.824637,2.40971,-2.0298,-0.499862,0.898706,2.83073,25.4893,4,0.148148,12,38,3,27,3,4,0.148148,23,0,18.0267,16.5837,8.7735,10.5352,11.865,10.4782,4.5594,6.59932,0,0,0.988027,14,0,-0.826167,-0.401989,0.0843529,2.38603,-1.15505,-0.319942,0.196973,2.45904,-0.444095,-0.194974,0.372814,2.73699,19.7531,8.34714,4.83798,19.0536,8.03902,4.65398,6.12689,5,1,1,0,4.473,-7.35522,10.6339,0,1,18,1,3,3,1,0,0,1.65381,-1.65381,0.171425,0.164962,37.4137,65.5631,31.3845,0,0,17.1341,0,38.9733,130.928,0,0,32.0165,13.5669,0,0.829098,0.587184,0.124212,0.170902,0.412816,0.0466895,304.263,215.485,45.5834,62.7176,151.495,17.1341,0.5,1,0,0,0,0,1,0,0,0,1,0,366.98,0,0,0,366.98,0,7,0,3,0,0,1,3.5438,16.2825,56.4323,30.503,0,3.18558,6.15657,0,158.789,17.6432,123.366,10.592,72.0339,3.00179,20.8883,4.73631,0,158.789,22.902,130.006,98.57,0.424338,5.75489,3.50016,8.9805,366.98,460.895,76.968,0,0,11.8137,234.3,33.7068,88.7816,455.377,1581,38,132
1,73.3181,6,0,18,0,57,3,9,38,26,113.403,1.98953,0,0,25,1,1,19,0,3,6,0,2,1.34032,-2.47756,-0.643157,0.685957,2.5006,-2.54536,-0.55027,0.78666,2.54988,-2.14096,-0.442479,0.878022,2.85175,39.6039,5,0.119048,18,61,3,42,4,5,0.119048,40,0,27.405,21.955,14.058,16.4135,17.8203,14.7934,6.93966,9.71548,0,0,0.889965,17,0,-0.864384,-0.451264,0.0762218,2.79815,-0.958697,-0.386086,0.165261,2.88163,-0.462222,-0.190859,0.256302,3.10423,29.4909,11.3496,6.42857,24.425,9.34971,5.27601,6.00965,9,3,1,1,3.715,-6.64647,14.0829,0,1,28,0,5,4,4,0,0,3.51328,-3.51328,0.0788597,0.132842,35.7883,90.3626,43.8351,24.9891,24.5551,17.1341,0,75.738,72.8595,0,2.52952,44.062,13.5669,39.7841,0.713312,0.512238,0.200767,0.286688,0.487762,0.085921,346.102,248.54,97.413,139.102,236.664,41.6893,0.470588,0.888889,0,0,0,0,1,0,0,0,1,0,485.204,0,0,0,485.204,0,9,0,5,0,0,1,4.6737,3.12431,136.018,46.5032,25.3852,6.37115,39.1842,3.50061,197.684,0,80.8186,14.2596,120.206,14.9601,39.1813,15.8141,47.9294,210.88,5.25878,84.3598,132.88,0.320144,6.39232,3.78331,10.2189,485.204,647.245,77.6,0,0,13.7578,328.652,29.5679,104.925,576.025,4526,69,214
1,65.2242,5,0,12,0,54,2,7,31,21,89.9252,1.66528,0,0,23,0,0,23,0,3,4,0,1,1.38909,-2.80922,-0.556134,0.608036,2.75069,-2.73376,-0.46713,0.700629,2.8736,-2.55297,-0.411914,0.763895,3.0099,36.5378,3,0.0857143,12,58,3,35,3,3,0.0857143,43,0,21.5872,17.7299,13.4388,15.0956,14.9543,11.9543,7.87945,9.85774,0,0,0.785537,13,0,-0.915156,-0.417315,0.0632703,2.86333,-0.998731,-0.365221,0.143379,2.93705,-0.529389,-0.194941,0.18205,3.1488,22.7755,9.33062,4.41359,18.0536,7.33538,3.44888,4.27193,7,2,1,0,4.613,-6.45989,11.7909,0,1,28,1,5,5,1,0,0,2.34552,-2.34552,0.131779,0.188579,102.915,58.1893,0,10.1056,10.3242,12.9495,4.1846,41.9124,95.4537,32.0165,0,0,13.5669,7.90443,0.874386,0.489969,0.0551222,0.125614,0.510031,0.0704922,340.593,190.854,21.4714,48.9297,198.669,27.4583,0.461538,0.857143,0,0,0,0,1,0,0,0,1,0,389.522,0,0,0,389.522,0,7,0,5,0,0,1,4.0955,3.12431,73.7691,30.503,43.8248,7.59637,19.9161,0,146.389,94.342,5.51349,11.9604,72.0339,15.1798,34.4711,6.37115,28.7677,235.488,26.0263,6.64074,99.07,0.376437,6.12928,3.3995,9.65453,389.522,556.97,53.6586,0,0,5.68258,258.478,34.2457,72.9082,437.52,2444,58,174
1,59.6603,5,0,12,0,47,2,7,29,19,86.8136,1.8471,0,1,20,0,0,18,0,3,4,0,1,1.57754,-2.60318,-0.54823,0.615265,2.57413,-2.63824,-0.453661,0.711195,2.60946,-2.32575,-0.401304,0.771431,2.87053,32.3617,4,0.125,12,50,3,32,5,4,0.125,35,0,20.7588,17.8655,11.6104,13.2672,13.7925,11.3491,6.1403,8.11859,1,1,0.904637,12,0,-0.915155,-0.412012,0.0627605,2.7059,-0.998128,-0.372143,0.140726,2.76811,-0.511885,-0.185893,0.189051,3.02063,22.2031,8.85938,4.34527,18.9002,7.49588,3.66013,4.8853,7,2,1,0,4.132,-5.90803,11.3316,1,1,22,1,4,4,1,0,0,2.23072,-2.23072,0.138561,0.198284,81.5884,58.1893,0,10.1056,10.3242,12.9495,4.1846,33.2111,131.722,32.0165,0,0,13.5669,7.90443,0.876366,0.551899,0.0542531,0.123634,0.448101,0.0693807,346.833,218.421,21.4714,48.9297,177.342,27.4583,0.5,1,0,0,0,0,1,0,0,0,1,0,395.763,0,0,0,395.763,0,6,0,4,0,0,1,3.6887,3.12431,73.7691,34.7833,43.8248,3.18558,19.9161,0,146.389,18.8684,84.7936,11.6035,72.0339,15.1798,30.0603,10.6515,28.7677,160.014,26.0263,85.9209,99.07,0.388286,6,3.3263,9.46164,395.763,526.566,53.6586,0,0,5.68258,268.321,34.2457,72.9082,476.351,2040,54,160
1,76.1618,8,0,11,0,62,2,10,37,21,117.148,1.88948,0,0,23,0,0,25,0,5,6,0,3,1.33166,-2.66118,-0.577478,0.591889,2.72726,-2.63186,-0.481029,0.670959,2.69426,-2.4139,-0.383774,0.743262,3.03461,49.4602,6,0.146341,11,66,4,41,5,6,0.146341,51,0,26.5348,22.5285,14.077,15.5517,17.476,15.5543,7.00632,8.60419,0,0,0.866602,15,0,-0.915108,-0.400709,0.0516192,2.80816,-0.994166,-0.406418,0.126666,2.83934,-0.53282,-0.190869,0.180312,3.10998,28.5259,11.1111,5.76,25.2012,9.78098,5.05739,6.66195,11,2,0,2,3.09,-6.4243,14.0101,0,1,27,0,5,6,3,0,0,3.02176,-3.02176,0.102195,0.146377,143.671,38.7658,23.6888,40.5436,10.3242,12.9495,4.1846,25.1408,82.3353,46.2475,9.42104,32.0165,13.5669,7.90443,0.83506,0.441422,0.10899,0.16494,0.558578,0.0559506,409.814,216.632,53.4879,80.9462,274.128,27.4583,0.466667,0.875,0,0,0,0,1,0,0,0,1,0,490.76,0,0,0,490.76,0,8,0,5,0,0,1,2.9054,1.51856,127.699,37.1437,79.4979,5.7692,41.8225,0,104.032,37.7368,103.443,14.2114,120.206,34.8446,32.8653,9.7874,23.5242,141.769,64.4562,111.211,148.81,0.327039,6.35755,3.72867,10.144,490.76,650.449,95.0962,0,0,5.68258,300.049,51.0509,114.346,563.68,4204,66,208
1,75.5026,8,0,6,0,66,3,11,35,19,118.123,1.78974,0,0,22,0,0,31,0,5,6,0,2,1.76966,-2.66987,-0.478144,0.534041,2.62506,-2.63839,-0.429586,0.60569,2.72369,-2.41901,-0.269128,0.700253,2.88566,52.4194,9,0.243243,6,68,4,37,5,9,0.243243,58,0,26.129,21.9948,14.7152,15.7233,16.1754,14.5795,7.21748,8.33381,0,0,0.81926,15,0,-0.915121,-0.397815,0.0286549,2.82914,-0.99416,-0.344373,0.111223,2.86585,-0.53497,-0.169521,0.173959,3.11075,29.5544,11.8068,7.75585,25.9652,10.3317,6.76743,7.66473,11,3,0,2,3.874,-6.17833,13.2237,0,1,17,0,3,8,2,0,0,2.9661,-2.9661,0.10411,0.149124,147.37,45.5536,21.2547,30.8293,10.3242,12.9495,4.1846,38.3588,95.3208,32.0165,11.9506,32.0165,13.5669,7.90443,0.839265,0.458965,0.106211,0.160735,0.541035,0.054524,422.654,231.135,53.4879,80.9462,272.466,27.4583,0.466667,0.875,0,0,0,0,1,0,0,0,1,0,503.6,0,0,0,503.6,0,8,0,3,0,0,1,3.0634,0,144.104,37.1437,43.8248,8.82159,73.5137,0,52.9296,56.6052,138.818,13.5482,120.206,34.8446,35.7576,8.429,39.9292,109.535,28.783,178.277,157.6,0.329063,6.20945,3.71061,9.98453,503.6,641.616,95.0962,0,0,13.7578,296.837,51.0509,122.421,525.651,3726,58,186
1,78.2974,9,0,11,0,65,2,11,38,20,123.014,1.89252,0,0,23,0,0,27,0,5,7,0,3,1.52786,-2.66118,-0.505315,0.471929,2.61421,-2.64991,-0.472599,0.574252,2.69425,-2.4139,-0.255002,0.673759,2.88678,53.5626,9,0.219512,11,68,4,41,7,9,0.219512,53,0,27.8277,23.5226,14.6628,16.1375,17.8296,15.6099,6.00632,7.60419,0,0,0.861762,16,0,-0.922444,-0.393569,0.00280621,2.79491,-0.994165,-0.386945,0.115366,2.82478,-0.532822,-0.164447,0.159932,3.09569,30.9471,12.4745,6.91358,27.4329,11.0206,6.09336,7.95598,12,2,0,2,3.028,-5.92183,14.3779,0,1,22,0,4,8,2,0,0,3.30706,-3.30706,0.0935144,0.157961,123.125,51.0207,38.0598,29.8662,31.0479,12.9495,4.1846,25.1408,107.333,78.264,9.42104,0,13.5669,10.4082,0.864972,0.456848,0.0448647,0.135028,0.543152,0.0901632,462.23,244.134,23.9751,72.1572,290.253,48.182,0.5,1,0,0,0,0,1,0,0,0,1,0,534.387,0,0,0,534.387,0,8,0,4,0,0,1,2.7354,1.51856,127.699,48.1436,64.3222,5.7692,108.898,0,104.032,18.8684,103.443,14.5563,131.205,34.8446,32.8653,9.7874,23.5242,122.9,49.2805,178.286,158.04,0.314555,6.35755,3.76897,10.2225,534.387,675.006,97.6,0,0,5.68258,313.199,77.6003,116.849,581.695,4555,67,206
1,75.929,8,0,6,0,65,3,11,36,20,117.411,1.80633,0,0,23,0,0,29,0,5,6,0,2,1.49999,-2.66209,-0.550299,0.588772,2.61905,-2.63458,-0.484191,0.642289,2.74789,-2.41438,-0.348634,0.737838,2.88491,50.233,8,0.205128,6,68,5,39,5,8,0.205128,57,0,26.2503,21.909,14.6294,15.8446,16.8372,14.9206,7.55857,8.9956,0,0,0.828855,15,0,-0.915119,-0.414466,0.0498132,2.82779,-0.99416,-0.362378,0.114321,2.87131,-0.532893,-0.176757,0.179555,3.11585,28.9941,11.6231,7.15857,24.9842,9.97116,6.12204,6.92005,11,3,0,2,2.947,-5.87567,13.4656,0,1,22,0,4,7,2,0,0,3.00611,-3.00611,0.102724,0.147139,143.275,49.819,21.2547,30.8293,10.3242,12.9495,4.1846,47.0602,72.2889,32.0165,11.9506,32.0165,13.5669,7.90443,0.834615,0.442963,0.109284,0.165385,0.557037,0.0561015,408.494,216.804,53.4879,80.9462,272.636,27.4583,0.466667,0.875,0,0,0,0,1,0,0,0,1,0,489.44,0,0,0,489.44,0,8,0,4,0,0,0.75,3.1276,0,144.104,37.1437,43.8248,4.4108,76.6993,0,70.5727,94.342,72.1655,13.7961,120.206,34.8446,31.3468,11.6146,39.9292,164.915,28.783,111.625,157.6,0.32818,6.2854,3.72088,10.0682,489.44,646.248,95.0962,0,0,13.7578,285.445,51.0509,122.421,535.646,3982,59,196
1,59.0439,6,0,12,0,49,2,8,29,17,86.2437,1.76007,0,0,20,0,0,20,0,4,4,0,1,1.57754,-2.66836,-0.529883,0.601579,2.61587,-2.64923,-0.452029,0.690016,2.69595,-2.41215,-0.400964,0.747525,2.88378,34.5781,4,0.125,12,52,3,32,5,4,0.125,37,0,20.7588,16.7714,12.033,13.5601,13.7925,10.6523,6.09564,7.78769,0,0,0.804142,12,0,-0.915108,-0.396392,0.0642769,2.72428,-0.998188,-0.384033,0.142289,2.77008,-0.532569,-0.18558,0.181916,3.02135,22.2031,8.85938,4.34527,17.2218,6.80526,3.31392,4.04133,8,2,1,0,3.396,-4.89806,10.863,0,1,22,1,4,4,0,0,0,2.37333,-2.37333,0.130235,0.186369,111.131,47.2243,11.1906,10.1056,10.3242,12.9495,4.1846,45.466,70.0804,32.0165,0,5.68258,13.5669,7.90443,0.856971,0.457582,0.0711159,0.143029,0.542418,0.0719131,327.214,174.717,27.1539,54.6122,207.109,27.4583,0.5,1,0,0,0,0,1,0,0,0,1,0,381.826,0,0,0,381.826,0,6,0,4,0,0,1,2.9563,3.12431,90.5547,30.503,43.8248,7.59637,19.9161,0,128.317,18.8684,71.7367,11.0279,72.0339,31.9653,34.4711,6.37115,28.3388,141.942,26.0263,73.2928,111.96,0.388286,6,3.3263,9.46164,381.826,512.932,59.3412,0,0,5.68258,236.044,45.4363,78.5907,412.47,2040,54,160
1,63.4642,5,0,12,0,53,2,7,30,20,88.6755,1.67312,0,0,22,0,0,23,0,3,4,0,1,1.60724,-2.67177,-0.538577,0.608593,2.61521,-2.6491,-0.443361,0.692588,2.69749,-2.4126,-0.400954,0.753832,2.88798,36.5378,4,0.121212,12,56,3,33,5,4,0.121212,41,0,21.629,17.8241,13.533,15.1375,14.2032,11.2092,7.13432,9.10663,0,0,0.778698,12,0,-0.915158,-0.390266,0.0603222,2.7934,-0.998139,-0.354836,0.137771,2.86056,-0.532636,-0.183864,0.17508,3.09433,23.168,9.0944,4.44612,18.2138,7.08661,3.44285,4.30248,7,2,1,0,4.519,-6.31886,11.4888,0,1,22,1,4,4,0,0,0,2.29449,-2.29449,0.13471,0.192773,107.181,53.9239,0,10.1056,10.3242,12.9495,4.1846,54.1673,94.5902,32.0165,0,0,13.5669,7.90443,0.877955,0.504461,0.053556,0.122045,0.495539,0.0684893,351.984,202.245,21.4714,48.9297,198.669,27.4583,0.5,1,0,0,0,0,1,0,0,0,1,0,400.914,0,0,0,400.914,0,6,0,4,0,0,1,3.86972,3.12431,73.7691,30.503,43.8248,10.7819,19.9161,0,128.746,18.8684,105.492,11.7221,72.0339,15.1798,34.4711,9.55672,28.7677,142.371,26.0263,106.619,99.07,0.378242,6.04439,3.32473,9.56546,400.914,546.437,53.6586,0,0,5.68258,269.869,34.2457,72.9082,425.509,2206,57,166
1,61.1727,6,0,12,0,51,3,9,30,19,88.4518,1.73435,0,0,21,0,0,21,0,3,5,0,1,1.59118,-2.67135,-0.57046,0.631786,2.61489,-2.64858,-0.479849,0.703652,2.6974,-2.41248,-0.415202,0.775477,2.88668,34.3513,4,0.121212,12,54,3,33,5,4,0.121212,39,0,21.629,17.2714,12.533,14.1375,14.1864,10.9268,6.62833,8.51244,0,0,0.805763,12,0,-0.915154,-0.413375,0.0663805,2.75812,-0.998135,-0.349568,0.1418,2.82633,-0.532596,-0.194985,0.18819,3.05837,23.168,9.0944,4.57785,18.2138,7.08661,3.54486,4.30248,8,3,1,0,3.952,-5.48299,11.1649,0,1,22,1,4,4,0,0,0,2.50674,-2.50674,0.123304,0.176451,94.3846,62.3824,0,10.1056,20.6483,12.9495,4.1846,57.7209,70.0804,32.0165,0,0,13.5669,15.672,0.82977,0.480191,0.0742647,0.17023,0.519809,0.0959648,326.69,189.057,29.2389,67.0214,204.655,37.7825,0.5,1,0,0,0,0,1,0,0,0,1,0,393.712,0,0,0,393.712,0,6,0,4,0,0,1,3.2669,28.5095,73.7691,30.503,43.8248,7.59637,19.9161,0,128.746,18.8684,77.409,11.4149,72.0339,40.565,34.4711,11.6146,28.7677,142.371,26.0263,73.2928,119.3,0.378242,6.04439,3.34354,9.56324,393.712,530.53,53.6586,0,0,5.68258,246.711,34.2457,86.4751,427.481,2229,56,166
1,79.2554,8,0,11,0,65,3,11,38,22,121.159,1.86398,0,0,24,0,0,27,0,5,6,0,3,1.30873,-2.81783,-0.588824,0.647973,2.7562,-2.70496,-0.486898,0.707982,2.89366,-2.56414,-0.441731,0.821527,3.01091,50.3266,7,0.166667,11,69,4,42,4,7,0.166667,54,0,27.0788,22.9955,14.4912,15.9659,18.0158,16.3496,7.66812,9.26599,0,0,0.858071,17,0,-0.915106,-0.43095,0.0665207,2.85513,-0.994157,-0.36925,0.127207,2.91661,-0.53058,-0.194964,0.22761,3.13781,29.4909,12.0816,6.91358,26.1422,10.6735,6.09336,7.34286,11,3,0,2,4.181,-7.44173,14.4826,0,1,28,0,5,8,3,0,0,3.16114,-3.16114,0.0976863,0.139923,121.777,47.3848,27.9542,50.59,10.3242,12.9495,4.1846,25.1408,88.3465,46.2475,11.9506,32.0165,13.5669,7.90443,0.838217,0.450042,0.106904,0.161783,0.549958,0.0548795,419.392,225.173,53.4879,80.9462,275.165,27.4583,0.470588,0.888889,0,0,0,0,1,0,0,0,1,0,500.338,0,0,0,500.338,0,9,0,5,0,0,0.736842,3.6613,0,144.104,37.1437,43.8248,5.7692,73.5137,0,104.032,113.21,36.7912,14.6568,120.206,34.8446,31.3468,9.7874,39.9292,217.242,28.783,76.2503,157.6,0.320144,6.39232,3.80501,10.2222,500.338,673.262,95.0962,0,0,13.7578,297.767,51.0509,122.421,577.707,4624,64,210
1,55.9435,5,0,12,0,45,2,7,28,18,78.4531,1.7434,0,0,20,0,0,17,0,3,4,0,1,1.58162,-2.47978,-0.564762,0.627017,2.46261,-2.54941,-0.47093,0.721421,2.48069,-2.13552,-0.413866,0.784933,2.811,29.9785,3,0.0967742,12,48,4,31,3,3,0.0967742,32,0,19.8885,15.7717,11.4806,13.397,13.4367,10.0485,5.97363,8.3401,0,0,0.804267,12,0,-0.915143,-0.418852,0.066986,2.65555,-0.998081,-0.387202,0.145441,2.71738,-0.478626,-0.189446,0.193507,2.97559,21.2404,8.62571,4,15.8891,6.37811,2.93336,3.61937,7,2,1,0,3.238,-5.11215,10.5417,0,1,23,1,4,3,0,0,0,2.26809,-2.26809,0.136278,0.195017,60.2615,75.2508,0,10.1056,10.3242,12.9495,4.1846,43.2575,93.8595,32.0165,0,0,13.5669,7.90443,0.86546,0.524099,0.059039,0.13454,0.475901,0.075501,314.751,190.605,21.4714,48.9297,173.076,27.4583,0.5,1,0,0,0,0,1,0,0,0,1,0,363.681,0,0,0,363.681,0,6,0,4,0,0,1,3.0913,3.12431,73.7691,30.503,43.8248,3.18558,19.9161,0,181.675,0,38.8395,10.7843,72.0339,15.1798,30.0603,6.37115,28.7677,176.432,26.0263,39.9668,99.07,0.398935,5.9542,3.28072,9.36005,363.681,491.676,53.6586,0,0,5.68258,238.252,34.2457,72.9082,395.439,1842,53,154
1,72.8214,8,0,11,0,58,3,11,36,20,117.542,2.02659,0,0,21,1,0,22,0,5,6,0,3,1.52559,-2.66118,-0.613719,0.641187,2.61418,-2.63185,-0.445539,0.733597,2.69426,-2.4139,-0.394694,0.772099,2.86802,45.2806,7,0.179487,11,61,4,39,5,7,0.179487,46,0,26.4135,22.5165,12.8783,14.3006,16.7478,15.1153,5.96167,7.51244,0,0,0.908325,15,0,-0.915105,-0.403718,0.0707661,2.74082,-0.994157,-0.376234,0.130158,2.78179,-0.532818,-0.171309,0.254966,3.04741,28.9941,11.2389,6.78187,26.5681,10.2719,6.18717,7.58072,11,3,0,2,4.153,-7.04366,13.7492,0,1,22,0,4,6,2,0,0,3.00287,-3.00287,0.102835,0.147298,100.45,47.3848,27.9542,50.59,10.3242,12.9495,4.1846,31.6366,111.917,32.0165,11.9506,32.0165,13.5669,7.90443,0.836422,0.487037,0.10809,0.163578,0.512963,0.0554885,413.9,241.009,53.4879,80.9462,253.838,27.4583,0.466667,0.875,0,0,0,0,1,0,0,0,1,0,494.847,0,0,0,494.847,0,8,0,4,0,0,1,3.3904,0,144.104,37.1437,43.8248,5.7692,73.5137,1.67343,88.2159,18.8684,142.592,13.9841,120.206,34.8446,31.3468,11.4608,39.9292,107.084,28.783,182.051,157.6,0.32818,6.2854,3.70446,10.0691,494.847,629.827,95.0962,0,0,13.7578,295.834,51.0509,122.421,572.087,3922,61,198
1,58.4171,5,0,11,0,47,2,7,28,18,84.8895,1.80616,0,0,19,0,0,19,0,3,4,0,2,1.56643,-2.67063,-0.573502,0.626345,2.61328,-2.64519,-0.47535,0.689731,2.69778,-2.41147,-0.397375,0.756282,2.88777,34.4449,4,0.129032,11,50,3,31,5,4,0.129032,36,0,20.0517,16.9715,11.4557,12.853,13.2925,11.1567,5.76231,7.28769,0,0,0.832633,12,0,-0.915205,-0.396188,0.0687561,2.69945,-0.998113,-0.352949,0.139585,2.77063,-0.532529,-0.192376,0.182787,3.01117,21.2404,8.26256,4,17.9309,6.9291,3.33867,4.43733,7,2,1,0,4.086,-5.80995,10.8723,0,1,21,1,4,4,0,0,0,2.2439,-2.2439,0.137747,0.197119,107.326,38.6935,0,29.8662,10.3242,12.9495,4.1846,20.9562,82.3353,46.2475,0,0,13.5669,7.90443,0.869296,0.456815,0.0573557,0.130704,0.543185,0.0733485,325.424,171.01,21.4714,48.9297,203.344,27.4583,0.5,1,0,0,0,0,1,0,0,0,1,0,374.354,0,0,0,374.354,0,6,0,4,0,0,1,3.6228,3.12431,73.7691,30.503,43.8248,7.59637,19.9161,0,109.275,18.8684,101.616,11.0361,72.0339,15.1798,34.4711,6.37115,26.9405,122.9,26.0263,104.57,99.07,0.398935,5.9542,3.30796,9.35568,374.354,501.434,53.6586,0,0,5.68258,246.156,34.2457,72.9082,417.51,1862,51,156
1,70.746,8,0,6,0,61,3,11,37,21,125.623,2.05939,0,0,21,0,3,24,0,5,6,0,2,1.80789,-2.66122,-0.395013,0.484341,2.61443,-2.63223,-0.368279,0.575515,2.69425,-2.41396,-0.191064,0.665479,2.86796,48.376,7,0.179487,6,63,5,39,5,8,0.205128,52,0,27.9219,21.7144,13.301,14.5161,16.8867,14.0573,6.12833,7.54513,0,0,0.907954,15,0,-0.915104,-0.403718,0.00891072,2.7609,-0.994158,-0.375658,0.119824,2.78692,-0.532829,-0.161891,0.170423,3.05037,31.5266,11.8517,8.02778,26.8657,10.0526,6.78637,7.29919,11,3,0,2,3.48176,-6.0293,12.867,0,1,18,0,3,6,2,0,0,3.29673,-3.29673,0.125446,0.134168,115.455,43.1194,27.9542,30.8293,10.3242,12.9495,13.2301,51.9588,57.8255,32.0165,47.6765,32.0165,13.5669,7.90443,0.818867,0.489034,0.107659,0.181133,0.510966,0.0734739,406.835,242.965,53.4879,89.9917,253.862,36.5038,0.466667,0.875,0,0,0,0,1,0,0,0,1,0,496.827,0,0,0,496.827,0,8,0,3,0,0,1,3.1358,0,151.864,37.1437,43.8248,4.4108,76.6993,0,70.5727,18.8684,150.372,13.1222,120.206,79.7249,39.1063,11.6146,39.9292,89.4411,28.783,144.951,157.6,0.315322,6.2854,3.73288,10.1507,496.827,620.712,95.0962,0,0,13.7578,296.391,51.0509,122.421,563.578,4276,63,200
1,74.7887,6,0,18,0,60,2,8,39,27,115.699,1.92831,0,0,26,0,2,21,0,3,6,0,2,1.34893,-2.51781,-0.60603,0.636445,2.51701,-2.62244,-0.50654,0.782586,2.54983,-2.16018,-0.408285,0.804771,2.88224,43.8933,5,0.116279,18,64,3,43,5,5,0.116279,43,0,28.2753,22.1463,15.058,17.4135,18.2579,14.7716,6.93966,9.71548,0,0,0.86846,17,0,-0.864388,-0.429418,0.0474608,2.8269,-0.958744,-0.389793,0.164886,2.89791,-0.468006,-0.191287,0.177808,3.128,30.4575,11.5888,6.2174,24.2834,9.18145,4.90359,5.71685,9,2,1,1,2.927,-6.28274,14.0956,0,1,28,0,5,4,3,0,0,3.60913,-3.60913,0.0767678,0.129314,44.0648,81.7436,52.856,24.9891,24.5551,17.1341,0,98.9767,43.2775,0,0,55.9707,13.5669,39.7841,0.696105,0.506272,0.219999,0.303895,0.493728,0.0838956,345.908,251.576,109.322,151.011,245.343,41.6893,0.470588,0.888889,0,0,0,0,1,0,0,0,1,0,496.919,0,0,0,496.919,0,9,0,5,0,0,1,4.1837,4.64287,119.613,55.6243,25.3852,6.37115,72.0814,0,197.684,0,56.63,14.2324,120.206,29.9202,49.8209,12.3135,31.5244,210.88,5.25878,78.1084,124.09,0.313561,6.42626,3.79795,10.2954,496.919,660.476,77.6,0,0,5.68258,349.379,29.5679,96.8495,573.597,4832,74,220
1,70.4781,7,0,18,0,56,3,10,37,24,108.952,1.94558,0,0,24,0,1,19,0,4,6,0,2,1.34886,-2.47037,-0.626725,0.656214,2.50149,-2.54537,-0.534464,0.733156,2.54177,-2.13683,-0.428224,0.842501,2.85133,40.5039,5,0.121951,18,60,3,41,4,5,0.121951,39,0,26.5348,20.7683,13.558,15.8361,17.4265,14.1755,6.40697,8.99073,0,0,0.871997,16,0,-0.864378,-0.458638,0.0703494,2.78522,-0.958729,-0.408356,0.14662,2.85314,-0.463253,-0.187722,0.229329,3.08612,28.5259,11.1111,6.18917,22.4877,8.69795,4.82053,5.28641,10,3,1,1,1.852,-4.80696,13.4068,0,1,28,0,5,4,3,0,0,3.6027,-3.6027,0.0769024,0.129545,48.0145,97.0621,43.8351,24.9891,24.5551,17.1341,0,73.5294,31.0226,0,2.52952,44.062,19.2495,39.7841,0.689148,0.451249,0.221346,0.310852,0.548751,0.0895066,320.982,210.177,103.096,144.785,255.59,41.6893,0.5,1,0,0,0,0,1,0,0,0,1,0,465.767,0,0,0,465.767,0,8,0,5,0,0,1,3.4153,3.12431,152.803,46.5032,25.3852,5.94232,39.1842,0,197.255,0,41.6699,13.5381,120.206,31.7456,39.1813,11.8846,47.9294,210.451,5.25878,45.2112,145.77,0.327039,6.35755,3.72824,10.1451,465.767,622.213,83.2825,0,0,13.7578,303.532,29.5679,110.607,542.568,4166,67,208
1,63.6067,5,0,18,0,48,2,7,32,22,87.2814,1.81836,0,1,23,0,0,16,0,3,4,0,1,1.37585,-2.47874,-0.586078,0.650105,2.46494,-2.49397,-0.485413,0.787858,2.52486,-2.13317,-0.428818,0.877215,2.81233,30.1753,3,0.0833333,18,52,3,36,2,3,0.0833333,31,0,22.4575,18.8904,12.6353,14.9659,15.3482,11.8865,6.82962,9.67423,0,0,0.898137,14,0,-0.915139,-0.418132,0.0693939,2.70235,-0.994217,-0.364608,0.163279,2.79074,-0.462012,-0.197902,0.223903,3.02554,23.7284,9.5679,4.64,18.9532,7.58376,3.65783,4.49177,7,2,1,1,5.054,-7.14381,12.4286,0,1,28,0,5,3,3,0,0,2.34721,-2.34721,0.131684,0.188444,36.5252,96.9739,0,10.1056,10.3242,12.9495,4.1846,51.2282,137.484,32.0165,0,0,13.5669,7.90443,0.881602,0.586068,0.0519556,0.118398,0.413932,0.0664426,364.334,242.2,21.4714,48.9297,171.063,27.4583,0.5,1,0,0,0,0,1,0,0,0,1,0,413.263,0,0,0,413.263,0,7,0,5,0,0,1,4.7443,3.12431,73.7691,30.503,25.3852,6.37115,22.9712,0,216.962,0,69.9072,12.6213,72.0339,15.1798,33.1154,9.55672,28.7677,230.158,7.5867,52.5948,99.07,0.367089,6.16993,3.47385,9.74095,413.263,568.252,53.6586,0,0,5.68258,288.546,34.2457,72.9082,510.368,2702,60,180
1,58.9273,5,0,12,0,48,2,7,30,20,88.026,1.83387,0,0,21,0,1,18,0,3,4,0,1,1.40303,-2.55979,-0.56299,0.610748,2.79376,-2.60812,-0.440679,0.733354,2.91126,-2.27901,-0.406318,0.769375,3.05164,32.2747,4,0.117647,12,52,3,34,4,4,0.117647,37,0,21.0432,16.6163,11.9472,13.5517,14.365,11.06,6.79611,8.69107,0,0,0.836094,12,0,-0.915135,-0.430629,0.0688611,2.73707,-0.998135,-0.388062,0.162133,2.79261,-0.511185,-0.195902,0.194384,3.0359,21.8253,8.40828,3.8656,17.0466,6.50771,2.97257,3.6978,7,2,1,0,3.88,-6.03788,10.9163,0,1,25,1,5,4,1,0,0,2.36343,-2.36343,0.130781,0.187151,85.8538,53.9239,9.02085,10.1056,10.3242,12.9495,4.1846,62.8687,44.8399,32.0165,0,11.9086,13.5669,7.90443,0.830754,0.48156,0.0928595,0.169246,0.51844,0.076386,298.629,173.105,33.38,60.8383,186.362,27.4583,0.5,1,0,0,0,0,1,0,0,0,1,0,359.468,0,0,0,359.468,0,6,0,5,0,0,1,3.4544,3.12431,73.7691,39.624,43.8248,7.59637,19.9161,0,128.746,56.6052,20.4736,11.0328,72.0339,30.1399,43.5921,6.37115,28.7677,180.108,26.0263,6.64074,99.07,0.386322,6.08746,3.33811,9.56245,359.468,511.253,53.6586,0,0,5.68258,231.982,34.2457,72.9082,427.456,2212,57,172
1,60.3707,5,0,12,0,50,2,7,29,19,84.9606,1.69921,0,0,21,0,0,21,0,3,4,0,1,1.56112,-2.6473,-0.548221,0.615263,2.59059,-2.62282,-0.453745,0.711185,2.7055,-2.38646,-0.401315,0.771344,2.86875,34.3513,5,0.15625,12,53,3,32,6,5,0.15625,38,0,20.5956,16.7384,12.4472,14.1041,13.9367,10.9367,6.86181,8.8401,0,0,0.788269,13,0,-0.915157,-0.409881,0.0627601,2.73185,-0.998133,-0.360288,0.140704,2.79904,-0.530061,-0.185949,0.187099,3.03591,22.2031,9.24038,4.34527,17.3013,7.13201,3.33029,4.25493,7,2,1,0,4.307,-5.84494,11.0686,0,1,22,1,4,5,0,0,0,2.27483,-2.27483,0.135874,0.194439,94.3846,58.1893,0,10.1056,10.3242,12.9495,4.1846,33.2111,105.5,32.0165,0,0,13.5669,7.90443,0.872025,0.502696,0.0561582,0.127975,0.497304,0.0718171,333.407,192.199,21.4714,48.9297,190.138,27.4583,0.461538,0.857143,0,0,0,0,1,0,0,0,1,0,382.337,0,0,0,382.337,0,7,0,4,0,0,1,3.7054,3.12431,73.7691,30.503,43.8248,3.18558,19.9161,0,146.389,56.6052,38.8395,11.2554,72.0339,15.1798,30.0603,6.37115,28.7677,197.751,26.0263,39.9668,99.07,0.388286,6,3.36462,9.45698,382.337,522.007,53.6586,0,0,5.68258,254.061,34.2457,72.9082,411.482,2066,54,158
1,71.0754,8,0,6,0,61,3,11,34,18,112.035,1.83664,0,0,21,0,0,27,0,5,6,0,2,1.50492,-2.77697,-0.570829,0.554399,2.74656,-2.69505,-0.493907,0.603971,2.85367,-2.52554,-0.361564,0.72564,3.00425,48.0466,7,0.189189,6,64,4,37,5,7,0.189189,54,0,24.8361,20.7019,13.4223,14.4304,15.854,14.2681,6.90615,8.01244,0,0,0.844713,15,0,-0.915137,-0.403718,0.0316858,2.81384,-0.994174,-0.418316,0.111987,2.84352,-0.584888,-0.183584,0.172839,3.09901,27.046,10.4007,6.12346,23.6672,9.063,5.32004,6.30869,11,3,0,2,2.95,-5.24762,12.5611,0,1,21,0,4,6,2,0,0,2.88412,-2.88412,0.107069,0.153363,130.308,45.5536,21.2547,30.8293,10.3242,12.9495,4.1846,38.3588,66.5268,32.0165,11.9506,32.0165,13.5669,7.90443,0.823163,0.442038,0.116851,0.176837,0.557962,0.0599861,376.798,202.341,53.4879,80.9462,255.404,27.4583,0.466667,0.875,0,0,0,0,1,0,0,0,1,0,457.745,0,0,0,457.745,0,8,0,4,0,0,1,2.4273,0,144.104,37.1437,43.8248,8.82159,73.5137,0,52.9296,75.4736,72.1655,12.8751,120.206,34.8446,35.7576,8.429,39.9292,128.403,28.783,111.625,157.6,0.343176,6.20945,3.66793,9.89889,457.745,603.291,95.0962,0,0,13.7578,253.828,51.0509,122.421,509.608,3378,58,188
1,73.2686,8,0,11,0,62,3,11,36,19,115.822,1.86809,0,0,22,0,0,26,0,6,6,0,2,1.52558,-2.66114,-0.574964,0.589362,2.61437,-2.63206,-0.501806,0.670753,2.69424,-2.41392,-0.392238,0.74264,2.86807,48.9334,7,0.179487,11,65,4,39,5,7,0.179487,50,0,26.4135,21.6825,13.9557,15.4304,16.7478,14.2873,5.96167,7.51244,0,0,0.843486,15,0,-0.915103,-0.403549,0.0510159,2.77802,-0.994159,-0.39796,0.116839,2.80605,-0.532844,-0.179367,0.180173,3.07552,28.9941,11.2389,6.78187,24.0377,9.26524,5.56884,6.18653,12,3,0,2,3.143,-4.52867,13.281,0,1,22,0,4,6,2,0,0,3.12812,-3.12812,0.0987173,0.1414,172.186,51.6502,27.9542,30.8293,10.3242,12.9495,4.1846,33.2111,57.8255,32.0165,11.9506,32.0165,13.5669,7.90443,0.837643,0.378065,0.107283,0.162357,0.621935,0.0550742,417.623,188.492,53.4879,80.9462,310.078,27.4583,0.466667,0.875,0,0,0,0,1,0,0,0,1,0,498.569,0,0,0,498.569,0,8,0,4,0,0,1,2.3732,0,146.003,37.1437,43.8248,7.59637,73.5137,0,105.001,18.8684,105.063,13.6206,120.206,36.7437,31.3468,11.6146,39.9292,123.87,28.783,144.522,162.53,0.32818,6.2854,3.70446,10.0691,498.569,633.82,95.0962,0,0,13.7578,296.71,51.0509,122.421,534.618,3922,61,198
1,74.4018,8,0,11,0,61,3,11,36,20,115.697,1.89667,0,0,22,0,0,25,0,5,6,0,3,1.50817,-2.66118,-0.605009,0.641157,2.61418,-2.63191,-0.493802,0.710319,2.69425,-2.4139,-0.443826,0.771919,2.88313,48.1402,8,0.205128,11,64,4,39,5,8,0.205128,49,0,26.2503,22.1671,13.6628,15.1375,16.9147,15.0362,6.71343,8.3113,0,0,0.864279,16,0,-0.915105,-0.396898,0.069571,2.75616,-0.994157,-0.421267,0.117909,2.79302,-0.532819,-0.18139,0.18435,3.06041,28.9941,11.6231,6.60457,25.5232,10.1929,5.7765,7.22653,11,3,0,2,3.862,-6.32532,13.7426,0,1,22,0,4,7,2,0,0,3.03281,-3.03281,0.10182,0.145844,136.26,47.3848,23.6888,40.5436,10.3242,12.9495,4.1846,25.1408,82.3353,46.2475,11.9506,32.0165,13.5669,7.90443,0.836306,0.443202,0.108166,0.163694,0.556798,0.0555277,413.551,219.162,53.4879,80.9462,275.335,27.4583,0.5,1,0,0,0,0,1,0,0,0,1,0,494.497,0,0,0,494.497,0,8,0,4,0,0,1,3.1271,0,144.104,37.1437,61.0584,5.7692,41.8225,0,104.032,18.8684,136.769,13.9448,120.206,34.8446,31.3468,9.7874,39.9292,122.9,46.0166,144.537,157.6,0.32818,6.2854,3.73716,10.0634,494.497,638.3,95.0962,0,0,13.7578,293.349,51.0509,122.421,551.669,3964,62,196
1,63.4381,7,0,12,0,52,3,10,33,20,103.764,1.99546,0,0,20,0,1,19,0,4,6,0,2,1.4211,-2.52822,-0.588286,0.572149,2.60447,-2.56556,-0.408042,0.741586,2.582,-2.26348,-0.403343,0.751492,2.88377,40.5039,5,0.138889,12,55,3,36,4,5,0.138889,40,0,24.129,19.0362,11.8259,13.4304,15.354,12.9988,5.19565,6.91825,1,1,0.889275,17,0,-0.864386,-0.448405,0.0725521,2.75435,-0.946408,-0.449128,0.119692,2.78489,-0.511646,-0.183386,0.215648,3.03461,26.0741,9.80612,5.71315,21.5516,8.05448,4.67121,5.26021,10,3,1,0,0.452,-3.33675,11.8242,0,1,22,0,4,4,2,0,0,3.5065,-3.5065,0.079012,0.133099,41.8562,97.4583,43.8351,24.9891,24.5551,17.1341,0,55.5124,18.7677,0,2.52952,44.062,19.2495,39.7841,0.663082,0.418644,0.239906,0.336918,0.581356,0.097012,284.948,179.905,103.096,144.785,249.828,41.6893,0.470588,0.888889,0,0,0,0,1,0,0,0,1,0,429.733,0,0,0,429.733,0,9,0,4,0,0,1,2.1422,0,155.928,50.4852,25.3852,2.75675,44.4277,0,121.439,0,72.2392,11.7867,120.206,34.87,36.057,17.9245,39.9292,139.878,5.25878,78.5372,145.77,0.351258,6.16993,3.76594,9.78391,429.733,556.098,83.2825,0,0,13.7578,267.498,29.5679,110.607,494.524,3276,57,184
1,70.952,6,0,12,0,59,3,9,35,23,110.73,1.87678,0,0,23,0,1,24,0,3,6,0,2,1.53372,-2.67091,-0.592857,0.630437,2.61646,-2.64564,-0.497017,0.729495,2.69748,-2.41259,-0.412663,0.775992,2.88859,44.65,6,0.157895,12,62,3,38,5,6,0.157895,47,0,25.7064,20.7961,14.033,15.7148,16.2647,14.1144,6.82769,8.73718,0,0,0.849451,15,0,-0.864394,-0.432287,0.0576654,2.83428,-0.994068,-0.38556,0.138302,2.89457,-0.532611,-0.184974,0.179029,3.12314,28.0194,10.6366,6.18951,23.513,8.87761,5.1457,5.96397,9,3,1,1,3.09,-5.7037,12.9334,0,1,22,0,4,5,2,0,0,3.4125,-3.4125,0.0811886,0.136765,91.3802,51.5779,43.8351,24.9891,24.5551,17.1341,0,57.7209,56.2631,0,2.52952,44.062,13.5669,39.7841,0.70239,0.457697,0.208416,0.29761,0.542303,0.0891943,328.296,213.927,97.413,139.102,253.472,41.6893,0.466667,0.875,0,0,0,0,1,0,0,0,1,0,467.398,0,0,0,467.398,0,8,0,4,0,0,1,3.5998,3.12431,136.018,46.5032,43.8248,7.59637,39.1842,0,127.111,18.8684,89.8824,13.1557,120.206,14.9601,43.5921,9.1279,47.9294,140.736,23.6984,111.863,132.88,0.335493,6.24793,3.67711,9.98197,467.398,614.032,77.6,0,0,13.7578,305.941,29.5679,104.925,521.59,3600,63,194
1,70.8343,9,0,17,0,55,3,12,37,20,109.034,1.98244,0,0,22,0,0,18,0,6,6,0,3,1.33415,-2.45,-0.605071,0.683738,2.47691,-2.54583,-0.497821,0.73019,2.48347,-2.11845,-0.444422,0.884899,2.8363,41.8077,6,0.146341,17,59,4,41,4,6,0.146341,38,0,26.3717,21.4322,12.4806,14.5517,17.5158,14.7489,5.5856,7.85774,0,0,0.898027,16,0,-0.915087,-0.450699,0.0719491,2.68954,-0.99401,-0.427339,0.135192,2.73309,-0.483349,-0.184414,0.257134,3.00969,28.5259,11.4724,6.5025,23.4641,9.38289,5.29628,5.9503,12,3,0,2,2.111,-5.10137,13.6998,0,1,28,0,5,5,3,0,0,3.22489,-3.22489,0.0957552,0.137157,69.8809,84.3382,27.9542,50.59,10.3242,12.9495,4.1846,40.9493,57.0948,46.2475,11.9506,32.0165,19.2495,7.90443,0.817867,0.452895,0.124403,0.182133,0.547104,0.0577299,389.006,215.413,59.1705,86.6288,260.222,27.4583,0.5,1,0,0,0,0,1,0,0,0,1,0,475.634,0,0,0,475.634,0,8,0,5,0,0,1,2.5525,0,160.89,37.1437,25.3852,4.11515,73.5137,0,174.176,0,55.2308,13.8655,120.206,51.6301,26.936,12.5442,39.9292,192.615,10.3435,76.2503,170.49,0.327039,6.35755,3.7335,10.1488,475.634,622.052,100.779,0,0,13.7578,275.132,51.0509,128.104,558.62,4207,63,206
1,60.8039,5,0,12,0,50,3,8,30,19,87.5156,1.75031,0,0,21,0,0,20,0,4,4,0,1,1.39381,-2.56406,-0.542422,0.630006,2.79356,-2.60782,-0.448795,0.712828,2.9113,-2.27907,-0.408695,0.775028,3.05167,32.5981,4,0.117647,12,54,3,34,4,4,0.117647,39,0,21.0432,16.8157,11.9472,13.5517,14.3482,11.1537,6.79013,8.67423,0,0,0.811965,12,0,-0.915156,-0.421619,0.0744067,2.75283,-1.33431,-0.367755,0.144642,2.81716,-0.51117,-0.204352,0.195581,3.05887,21.8253,8.40828,3.97223,16.8369,6.4246,3.01454,3.60568,8,4,1,0,3.094,-5.46378,11.104,1,1,25,1,5,4,1,0,0,2.44286,-2.44286,0.126528,0.181065,92.5534,53.9239,17.238,10.1056,10.3242,12.9495,4.1846,75.1236,32.585,32.0165,0,0,13.5669,14.5556,0.849426,0.454715,0.0761865,0.150574,0.545285,0.0743872,313.546,167.848,28.1225,55.5808,201.279,27.4583,0.5,1,0,0,0,0,1,0,0,0,1,0,369.127,0,0,0,369.127,0,6,0,5,0,0,1,2.8975,36.0215,73.7691,30.503,43.8248,7.59637,19.9161,0,128.746,56.6052,8.27024,11.4783,72.0339,15.1798,34.4711,6.37115,31.5244,213.005,26.0263,6.64074,125.09,0.386322,6.08746,3.34483,9.56234,369.127,522.783,53.6586,0,0,23.4251,217.752,34.2457,90.6506,424.481,2228,56,172
1,77.4954,8,0,11,0,64,3,11,37,21,119.702,1.87034,0,0,23,0,0,27,0,5,6,0,3,1.503,-2.66118,-0.564477,0.636773,2.65123,-2.65776,-0.493801,0.608251,2.69425,-2.4139,-0.443795,0.771707,2.93938,50.3266,8,0.2,11,67,4,40,5,8,0.2,52,0,27.1206,23.0373,14.533,16.0077,17.2974,15.3249,7.16103,8.75889,0,0,0.853586,16,0,-0.915105,-0.395712,0.0616481,2.77935,-0.994157,-0.393492,0.117902,2.81552,-0.532821,-0.174548,0.184338,3.08137,29.97,11.8517,6.66816,26.477,10.4329,5.85478,7.4657,11,3,0,2,4.496,-6.65253,14.1981,0,1,22,0,4,7,2,0,0,3.03205,-3.03205,0.101845,0.14588,167.804,47.3848,19.4235,30.4972,10.3242,12.9495,4.1846,25.1408,82.3353,46.2475,11.9506,32.0165,13.5669,7.90443,0.841818,0.428277,0.104524,0.158182,0.571723,0.0536579,430.783,219.162,53.4879,80.9462,292.567,27.4583,0.5,1,0,0,0,0,1,0,0,0,1,0,511.729,0,0,0,511.729,0,8,0,4,0,0,1,3.5156,0,144.104,39.9197,43.8248,5.7692,41.8225,0,104.032,18.8684,170.095,14.4043,120.206,34.8446,31.3468,12.5634,39.9292,122.9,28.783,177.863,157.6,0.321208,6.32193,3.77585,10.1398,511.729,662.729,95.0962,0,0,13.7578,309.158,51.0509,122.421,565.696,4297,65,202
1,76.1618,8,0,11,0,62,3,11,37,21,117.148,1.88948,0,0,23,0,0,25,0,5,6,0,3,1.30446,-2.66118,-0.577301,0.639277,2.88591,-2.63184,-0.493799,0.674993,2.83202,-2.4139,-0.430404,0.770359,3.10914,48.1402,8,0.195122,11,66,4,41,5,8,0.195122,51,0,26.5348,22.4516,13.9472,15.4219,17.4592,15.4867,7.32282,8.92069,0,0,0.86876,16,0,-0.915104,-0.400682,0.06813,2.77104,-0.994156,-0.38986,0.126665,2.80707,-0.532819,-0.191533,0.198965,3.07368,28.5259,11.1111,5.89796,25.2012,9.78098,5.17853,6.66195,11,3,0,2,4.002,-6.55049,14.0044,0,1,25,0,5,7,3,0,0,3.032,-3.032,0.101847,0.145883,139.18,47.3848,19.4235,29.8662,10.9552,12.9495,4.1846,25.1408,82.3353,46.2475,11.9506,32.0165,13.5669,7.90443,0.83114,0.453652,0.110717,0.16886,0.546348,0.0581432,401.529,219.162,53.4879,81.5772,263.944,28.0893,0.5,1,0,0,0,0,1,0,0,0,1,0,483.106,0,0,0,483.106,0,8,0,5,0,0,1,3.2696,0,144.104,39.9197,43.8248,5.7692,41.8225,0,104.032,56.6052,103.443,14.1929,120.206,34.8446,31.3468,12.5634,39.9292,160.637,28.783,111.211,157.6,0.327039,6.35755,3.77672,10.1392,483.106,648.833,95.0962,0,0,13.7578,281.958,51.0509,122.421,563.68,4296,65,208
1,73.6487,6,0,18,0,60,3,9,39,27,111.528,1.8588,0,0,27,0,2,21,0,3,6,0,1,1.31032,-2.47322,-0.606037,0.63691,2.49721,-2.61857,-0.546417,0.78259,2.5456,-2.14185,-0.408444,0.804782,2.83221,38.9713,6,0.139535,18,64,4,43,3,7,0.162791,42,0,27.8966,21.1814,15.2651,17.6979,18.5677,13.1288,7.29322,10.1237,0,0,0.8432,19,0,-0.864195,-0.457518,0.0798416,2.79713,-1.16246,-0.389767,0.165026,2.8696,-0.485174,-0.20304,0.178801,3.08941,30.4575,12.7007,6.65873,22.6802,9.37926,4.88808,5.45444,9,3,1,1,3.264,-6.59213,13.9424,0,1,28,0,5,6,3,0,0,3.88263,-3.88263,0.0720722,0.120205,38.2434,110.988,55.0111,12.8844,37.5047,17.1341,0,87.9929,31.0226,0,0,23.9542,27.1338,42.4247,0.694087,0.438842,0.193091,0.305913,0.561158,0.112822,336.142,212.528,93.5127,148.152,271.765,54.6388,0.473684,0.9,0,0,0,0,1,0,0,0,1,0,484.294,0,0,0,484.294,0,10,0,5,0,0,1,3.9127,32.135,76.7,72.8457,46.3115,6.37115,40.3902,0,197.684,0,59.1167,13.8639,95.8961,40.9201,66.3131,17.5569,28.7677,210.88,31.4438,39.7765,125.04,0.313561,6.42626,3.87495,10.2854,484.294,656.478,61.6541,0,0,11.3652,341.812,32.4119,86.5862,553.542,5000,71,214
1,72.7389,8,0,11,0,59,3,11,39,23,125.901,2.13391,0,0,22,0,3,20,0,5,6,0,3,1.37592,-2.81862,-0.578794,0.617771,2.87738,-2.81032,-0.482392,0.679538,2.90676,-2.61142,-0.383077,0.81945,3.07185,46.2831,6,0.139535,11,63,4,43,4,7,0.162791,48,0,28.3801,22.4308,12.7925,14.2672,18.1017,15.5025,6.25404,7.8519,0,0,0.952341,15,0,-0.915101,-0.437066,0.0521097,2.8185,-0.994172,-0.410528,0.201418,2.84488,-0.585071,-0.180312,0.229069,3.09962,30.4575,10.9267,6.08,26.6986,9.54364,5.29669,6.53337,11,3,0,2,3.50376,-6.54017,13.6445,0,1,26,0,5,5,3,0,0,3.46794,-3.46794,0.11454,0.127544,78.7273,60.5771,27.9542,50.59,10.3242,12.9495,13.2301,33.8421,53.5412,46.2475,47.6765,32.0165,13.5669,7.90443,0.816023,0.480009,0.109349,0.183977,0.519991,0.0746274,399.156,234.795,53.4879,89.9917,254.352,36.5038,0.466667,0.875,0,0,0,0,1,0,0,0,1,0,489.148,0,0,0,489.148,0,8,0,5,0,0,0.717949,3.4235,0,151.864,37.1437,43.8248,1.3584,73.5137,0,104.032,56.6052,81.6715,13.7715,120.206,79.7249,34.6955,9.7874,39.9292,160.637,28.783,76.2503,157.6,0.313561,6.42626,3.72578,10.3076,489.148,633.831,95.0962,0,0,13.7578,292.904,51.0509,122.421,603.623,4735,70,224
1,77.4954,8,0,11,0,64,3,11,37,21,119.702,1.87034,0,0,23,0,0,27,0,5,6,0,3,1.52474,-2.75478,-0.523078,0.486424,2.70053,-2.68031,-0.445776,0.584301,2.80803,-2.50308,-0.258603,0.686993,2.95365,50.3266,8,0.2,11,67,4,40,6,8,0.2,52,0,27.173,23.0898,14.5854,16.0601,17.2053,15.5391,6.85759,8.45545,0,0,0.853586,16,0,-0.915105,-0.403718,0.0121433,2.82686,-0.994157,-0.406012,0.117873,2.87723,-0.534751,-0.171411,0.173171,3.11601,29.97,11.4724,7.01906,26.477,10.099,6.16287,7.22682,11,3,0,2,4.19,-7.02855,14.1606,0,1,22,0,4,7,2,0,0,3.12891,-3.12891,0.0986924,0.141364,121.777,47.3848,27.9542,50.59,10.3242,12.9495,4.1846,25.1408,109.784,46.2475,11.9506,32.0165,13.5669,7.90443,0.844864,0.472638,0.102511,0.155136,0.527362,0.0526247,440.83,246.611,53.4879,80.9462,275.165,27.4583,0.5,1,0,0,0,0,1,0,0,0,1,0,521.776,0,0,0,521.776,0,8,0,4,0,0,0.756757,3.5172,0,144.104,37.1437,43.8248,1.3584,73.5137,0,104.032,37.7368,136.769,14.4065,120.206,34.8446,26.936,9.7874,39.9292,141.769,28.783,176.228,157.6,0.321208,6.32193,3.7439,10.1488,521.776,662.729,95.0962,0,0,13.7578,320.549,51.0509,122.421,565.696,4239,63,204
1,75.8056,6,0,12,0,63,3,9,37,25,115.996,1.84121,0,0,25,0,1,26,0,3,6,0,2,1.34852,-2.8091,-0.608073,0.643305,2.75095,-2.73271,-0.513255,0.724269,2.87363,-2.553,-0.439761,0.812082,3.00984,46.8364,5,0.121951,12,67,3,41,4,5,0.121951,52,0,26.5348,21.6246,14.8614,16.5432,17.4265,15.2762,7.98949,9.89898,0,0,0.843811,16,0,-0.864396,-0.451523,0.0660935,2.92963,-0.995155,-0.366569,0.144709,2.99861,-0.5294,-0.188717,0.203472,3.20682,28.5259,11.1111,6.18917,24.1768,9.37184,5.20226,6.12382,9,3,1,1,3.48,-6.31865,13.6942,0,1,28,0,5,6,3,0,0,3.48805,-3.48805,0.0794301,0.133803,99.911,51.5779,43.8351,24.9891,24.5551,17.1341,0,66.4222,44.8716,0,2.52952,44.062,13.5669,39.7841,0.706063,0.446363,0.205843,0.293937,0.553637,0.0880935,334.137,211.236,97.413,139.102,262.002,41.6893,0.5,1,0,0,0,0,1,0,0,0,1,0,473.239,0,0,0,473.239,0,8,0,5,0,0,1,4.134,3.12431,136.018,46.5032,43.8248,7.59637,39.1842,0,127.111,94.342,23.2304,13.8677,120.206,14.9601,43.5921,9.1279,47.9294,216.209,23.6984,45.2112,132.88,0.327039,6.35755,3.72824,10.1451,473.239,648.994,77.6,0,0,13.7578,310.358,29.5679,104.925,547.628,4166,67,208
1,75.5907,7,0,18,0,61,3,10,40,27,118.919,1.94948,0,0,26,0,2,21,0,3,7,0,2,1.348,-2.47746,-0.653389,0.66276,2.50138,-2.54536,-0.571882,0.742334,2.54917,-2.14377,-0.43906,0.829125,2.85169,44.4893,6,0.136364,18,65,3,44,4,6,0.136364,44,0,28.9824,22.5299,14.9806,17.2837,18.769,14.9444,6.85633,9.54881,0,0,0.880623,17,0,-0.864386,-0.465992,0.0600548,2.81942,-0.958729,-0.409446,0.153222,2.89702,-0.483588,-0.189745,0.18171,3.11844,31.4256,12.1791,6.74511,25.2055,9.71022,5.35541,6.11877,10,3,1,1,3.267,-6.25754,14.268,0,1,28,0,5,5,3,0,0,3.87973,-3.87973,0.0714113,0.120295,56.2663,98.8933,52.2936,34.01,24.5551,17.1341,0,75.738,31.0226,0,2.52952,55.9707,13.5669,42.2878,0.695569,0.438488,0.221758,0.304431,0.561512,0.0826728,350.753,221.116,111.825,153.515,283.152,41.6893,0.470588,0.888889,0,0,0,0,1,0,0,0,1,0,504.268,0,0,0,504.268,0,9,0,5,0,0,0.775,4.168,14.1242,136.018,55.6243,25.3852,6.37115,74.5681,0,180.04,0,61.8735,14.4096,120.206,40.9201,48.3023,17.5569,47.9294,193.237,5.25878,80.5951,142.11,0.307268,6.45943,3.82791,10.3706,504.268,669.522,80.1037,0,0,13.7578,343.788,29.5679,107.428,589.596,5202,74,224
1,70.175,8,0,11,0,59,4,12,35,18,111.779,1.89455,0,0,21,0,0,24,0,6,6,0,2,1.51856,-2.66113,-0.601979,0.627178,2.61435,-2.63205,-0.523952,0.69737,2.69424,-2.41392,-0.459578,0.743227,2.86798,45.427,7,0.184211,11,62,4,38,5,7,0.184211,47,0,25.5432,20.7353,12.9557,14.4304,16.354,13.901,5.96167,7.51244,0,0,0.856552,15,0,-0.915102,-0.416672,0.0718282,2.75548,-0.994159,-0.401197,0.127676,2.78103,-0.532831,-0.199317,0.180186,3.05371,28.0194,11.0065,6.53331,23.0989,9.01948,5.33064,5.95258,12,4,0,2,2.753,-4.63466,12.8224,0,1,22,0,4,6,2,0,0,3.13908,-3.13908,0.0983726,0.140906,136.151,51.6502,27.9542,39.4484,10.3242,12.9495,4.1846,33.2111,57.8255,32.0165,11.9506,32.0165,13.5669,8.04132,0.827955,0.400238,0.113783,0.172045,0.599762,0.058262,390.207,188.628,53.6248,81.0831,282.662,27.4583,0.466667,0.875,0,0,0,0,1,0,0,0,1,0,471.29,0,0,0,471.29,0,8,0,4,0,0,1,2.0036,0,144.104,53.9292,43.8248,7.59637,73.5137,0,105.001,18.8684,72.1655,13.1305,120.206,34.8446,48.1323,11.6146,39.9292,123.87,28.783,111.625,173.39,0.335493,6.24793,3.68196,9.98584,471.29,607.775,95.0962,0,0,19.4404,262.81,51.0509,128.104,520.591,3633,59,192
1,74.4018,8,0,11,0,61,3,11,36,20,115.697,1.89667,0,0,22,0,0,25,0,5,6,0,3,1.52529,-2.72632,-0.52311,0.486436,2.67406,-2.66587,-0.445846,0.584305,2.7717,-2.47584,-0.258608,0.68704,2.92654,48.1402,6,0.153846,11,64,4,39,5,7,0.179487,49,0,26.4659,22.3826,13.8783,15.353,16.6446,14.9784,6.29693,7.89479,0,0,0.864279,15,0,-0.915105,-0.403718,0.0121455,2.78814,-0.994157,-0.417367,0.117873,2.83174,-0.533675,-0.171428,0.173179,3.08445,28.9941,10.8734,6.9664,25.5232,9.53547,6.09296,6.76042,11,3,0,2,3.748,-6.51333,13.6707,0,1,22,0,4,6,2,0,0,3.07677,-3.07677,0.100365,0.14376,113.247,47.3848,27.9542,50.59,10.3242,12.9495,4.1846,25.1408,101.083,46.2475,11.9506,32.0165,13.5669,7.90443,0.839566,0.471534,0.106012,0.160434,0.528466,0.0544221,423.597,237.91,53.4879,80.9462,266.634,27.4583,0.466667,0.875,0,0,0,0,1,0,0,0,1,0,504.544,0,0,0,504.544,0,8,0,4,0,0,0.777778,3.1271,0,144.104,37.1437,43.8248,1.3584,73.5137,0,104.032,18.8684,136.769,13.9448,120.206,34.8446,26.936,9.7874,39.9292,122.9,28.783,176.228,157.6,0.32818,6.2854,3.70323,10.069,504.544,638.3,95.0962,0,0,13.7578,304.741,51.0509,122.421,551.669,3918,60,200
1,67.8584,6,0,12,0,56,3,9,34,22,106.732,1.90593,0,0,22,0,1,22,0,3,6,0,2,1.46886,-2.5371,-0.577853,0.620981,2.6112,-2.5652,-0.469221,0.723168,2.60215,-2.26547,-0.385434,0.796705,2.8998,42.4636,5,0.135135,12,59,3,37,4,5,0.135135,44,0,24.9993,20.089,13.3259,15.0077,15.7916,13.5056,6.27898,8.32894,1,1,0.860856,17,0,-0.863254,-0.437275,0.0510053,2.83066,-0.946409,-0.385651,0.120988,2.87145,-0.511715,-0.182382,0.181544,3.11005,27.046,10.0452,5.49584,22.5734,8.33576,4.54213,5.5343,9,3,1,1,2.387,-4.74813,12.4679,0,1,22,0,4,4,2,0,0,3.38034,-3.38034,0.0820308,0.138012,67.8447,83.8336,43.8351,20.7237,10.3242,21.3187,0,57.7209,43.2775,0,2.52952,44.062,13.5669,39.7841,0.712456,0.447709,0.217042,0.287544,0.552292,0.0705023,319.765,200.941,97.413,129.056,247.88,31.6429,0.470588,0.888889,0,0,0,0,1,0,0,0,1,0,448.821,0,0,0,448.821,0,9,0,4,0,0,0.823529,3.1373,0,139.142,50.4852,25.3852,3.18558,45.9784,0,123.502,0,105.565,12.4689,120.206,18.0844,36.057,19.904,39.9292,141.942,5.25878,111.863,132.88,0.343176,6.20945,3.75101,9.87692,448.821,589.603,77.6,0,0,13.7578,290.133,29.5679,104.925,507.563,3459,62,190
1,67.1154,6,0,6,0,58,3,9,31,19,102.678,1.77031,0,0,20,0,0,27,0,3,6,0,2,1.70057,-2.74011,-0.441213,0.368918,2.69609,-2.70621,-0.3339,0.459713,2.77608,-2.48402,-0.129474,0.517945,2.95724,46.7266,5,0.151515,6,60,3,33,5,6,0.181818,51,0,23.353,19.6861,13.301,14.3614,14.089,13.1286,5.99629,7.13881,1,1,0.824983,15,0,-0.86441,-0.403718,-0.0226615,2.85006,-0.969207,-0.357178,0.0559532,2.88141,-0.534179,-0.13934,0.0859733,3.11283,25.6198,8.98184,5.92593,22.9083,8.00005,5.26318,5.91186,9,3,1,0,1.937,-4.45373,11.6905,0,1,16,0,3,5,2,0,0,3.24038,-3.24038,0.085501,0.14403,110.499,39.4936,34.8143,24.9891,24.5551,17.1341,0,39.7039,75.0107,0,2.52952,32.1534,13.5669,39.7841,0.719982,0.446353,0.188239,0.280018,0.553647,0.0917794,327.04,202.749,85.5044,127.194,251.485,41.6893,0.466667,0.875,0,0,0,0,1,0,0,0,1,0,454.233,0,0,0,454.233,0,8,0,3,0,0,0.645161,2.5777,0,139.142,41.3642,43.8248,0,44.4277,0,68.9379,18.8684,138.818,11.8702,120.206,3.12431,26.936,15.1677,39.9292,87.8063,23.6984,178.515,132.88,0.360972,6.04439,3.65147,9.60824,454.233,569.203,77.6,0,0,13.7578,291.986,29.5679,104.925,469.583,2728,52,172
