,A,R,N,D,C,E,Q,G,H,I,L,K,M,F,P,S,T,W,Y,V
P00552|KKA2_KLEPN,0.132575758,0.075757576,0.011363636,0.09469697,0.018939394,0.068181818,0.041666667,0.079545455,0.026515152,0.037878788,0.121212121,0.015151515,0.022727273,0.041666667,0.041666667,0.037878788,0.037878788,0.018939394,0.015151515,0.060606061
P20440|PULS_KLEPN,0.128,0.072,0.08,0.048,0.024,0.024,0.104,0.04,0,0.04,0.112,0.048,0.024,0.032,0.048,0.08,0.032,0.008,0.016,0.04
Q48439|LPHI_KLEPN,0,0,0.125,0.0625,0,0,0.0625,0,0.375,0,0,0.0625,0.0625,0.0625,0.0625,0.0625,0,0,0,0.0625
P63338|6PGL_MYCTU,0.16194332,0.056680162,0.028340081,0.076923077,0,0.036437247,0.036437247,0.089068826,0.024291498,0.048582996,0.105263158,0.024291498,0.016194332,0.020242915,0.076923077,0.068825911,0.020242915,0.016194332,0.012145749,0.08097166
P0A5N0|AAC2_MYCTU,0.121546961,0.093922652,0.005524862,0.077348066,0.011049724,0.033149171,0.038674033,0.08839779,0.049723757,0.044198895,0.093922652,0,0.027624309,0.016574586,0.033149171,0.049723757,0.071823204,0.038674033,0.022099448,0.082872928
P71539|ACDC_MYCTU,0.152061856,0.048969072,0.020618557,0.048969072,0.00257732,0.067010309,0.036082474,0.092783505,0.020618557,0.046391753,0.085051546,0.046391753,0.038659794,0.033505155,0.038659794,0.06185567,0.051546392,0.012886598,0.028350515,0.067010309
P0A5H3|ACEA_MYCTU,0.135514019,0.049065421,0.035046729,0.056074766,0.007009346,0.074766355,0.060747664,0.072429907,0.023364486,0.042056075,0.074766355,0.039719626,0.01635514,0.035046729,0.035046729,0.049065421,0.070093458,0.021028037,0.035046729,0.067757009
P63409|ACKA_MYCTU,0.119480519,0.090909091,0.023376623,0.062337662,0.005194805,0.046753247,0.023376623,0.103896104,0.041558442,0.049350649,0.119480519,0.012987013,0.020779221,0.028571429,0.038961039,0.062337662,0.041558442,0.005194805,0.018181818,0.085714286
P0A4W6|ACPM_MYCTU,0.113043478,0.026086957,0.026086957,0.07826087,0,0.165217391,0.043478261,0.043478261,0,0.104347826,0.060869565,0.052173913,0.017391304,0.008695652,0.052173913,0.052173913,0.043478261,0,0.017391304,0.095652174
P63907|ADD_MYCTU,0.142465753,0.073972603,0.01369863,0.082191781,0.016438356,0.052054795,0.024657534,0.068493151,0.04109589,0.052054795,0.093150685,0.016438356,0.02739726,0.054794521,0.043835616,0.052054795,0.052054795,0.005479452,0.016438356,0.071232877
O33261|ANSP1_MYCTU,0.120654397,0.047034765,0.020449898,0.010224949,0.00408998,0.032719836,0.014314928,0.104294479,0.018404908,0.061349693,0.124744376,0.026584867,0.032719836,0.059304703,0.047034765,0.063394683,0.059304703,0.022494888,0.032719836,0.098159509
P65209|ATKA_MYCTU,0.11558669,0.031523643,0.042031524,0.019264448,0.00525394,0.026269702,0.033274956,0.11033275,0.015761821,0.061295972,0.112084063,0.024518389,0.03502627,0.056042032,0.049036778,0.070052539,0.066549912,0.015761821,0.022767075,0.087565674
P0A506|BIOB_MYCTU,0.123209169,0.065902579,0.040114613,0.048710602,0.022922636,0.083094556,0.048710602,0.091690544,0.014326648,0.040114613,0.123209169,0.017191977,0.028653295,0.028653295,0.045845272,0.034383954,0.051575931,0.011461318,0.005730659,0.074498567
P64174|FRDA_MYCTU,0.109777015,0.084048027,0.02058319,0.070325901,0.012006861,0.061749571,0.024013722,0.097770154,0.037735849,0.039451115,0.101200686,0.024013722,0.018867925,0.030874786,0.048027444,0.037735849,0.068610635,0.012006861,0.027444254,0.073756432
O33290|FTSK_MYCTU,0.120336943,0.08423586,0.009626955,0.067388688,0.006016847,0.051744886,0.02166065,0.089049338,0.014440433,0.050541516,0.096269555,0.034897714,0.030084236,0.025270758,0.061371841,0.068592058,0.060168472,0.008423586,0.015643803,0.08423586
P96910|GAL1_MYCTU,0.195592287,0.096418733,0.011019284,0.074380165,0.011019284,0.038567493,0.013774105,0.101928375,0.022038567,0.046831956,0.090909091,0.002754821,0.013774105,0.024793388,0.044077135,0.049586777,0.068870523,0.005509642,0.019283747,0.068870523
P0A592|GLBN_MYCTU,0.110294118,0.044117647,0.007352941,0.044117647,0,0.066176471,0.029411765,0.102941176,0.036764706,0.058823529,0.088235294,0.036764706,0.029411765,0.044117647,0.051470588,0.066176471,0.066176471,0,0.022058824,0.095588235
O06258|GLMM_MYCTU,0.174107143,0.082589286,0.024553571,0.075892857,0.008928571,0.046875,0.013392857,0.111607143,0.020089286,0.035714286,0.104910714,0.011160714,0.03125,0.006696429,0.037946429,0.049107143,0.055803571,0,0.013392857,0.095982143
P64249|GLNB_MYCTU,0.053571429,0.071428571,0,0.098214286,0,0.053571429,0.017857143,0.098214286,0.017857143,0.071428571,0.044642857,0.071428571,0.017857143,0.017857143,0.026785714,0.053571429,0.071428571,0.008928571,0.026785714,0.178571429
O53615|GLYA2_MYCTU,0.155294118,0.065882353,0.032941176,0.065882353,0.007058824,0.042352941,0.042352941,0.084705882,0.037647059,0.047058824,0.096470588,0.023529412,0.025882353,0.030588235,0.056470588,0.032941176,0.054117647,0.002352941,0.028235294,0.068235294
P0A604|GMHA_MYCTU,0.163265306,0.076530612,0.030612245,0.051020408,0.010204082,0.066326531,0.020408163,0.081632653,0.040816327,0.06122449,0.081632653,0.010204082,0.020408163,0.051020408,0.025510204,0.06122449,0.066326531,0,0.015306122,0.066326531
P64336|HEM3_MYCTU,0.161812298,0.093851133,0.009708738,0.071197411,0.012944984,0.067961165,0.012944984,0.100323625,0.009708738,0.038834951,0.129449838,0.006472492,0.01618123,0.012944984,0.042071197,0.061488673,0.055016181,0.003236246,0.003236246,0.090614887
P0A5H5|IF1_MYCTU,0.055555556,0.111111111,0.027777778,0.041666667,0,0.097222222,0.013888889,0.069444444,0.041666667,0.083333333,0.083333333,0.069444444,0.027777778,0.013888889,0.055555556,0.041666667,0,0,0.055555556,0.111111111
P42217|KPSC5_ECOLI,0.096296296,0.066666667,0.023703704,0.047407407,0.014814815,0.054814815,0.051851852,0.059259259,0.025185185,0.053333333,0.118518519,0.051851852,0.014814815,0.028148148,0.057777778,0.059259259,0.047407407,0.017777778,0.041481481,0.06962963
P28246|BCR_ECOLI,0.131313131,0.042929293,0.025252525,0.012626263,0.01010101,0.017676768,0.017676768,0.070707071,0.017676768,0.083333333,0.113636364,0.015151515,0.058080808,0.093434343,0.042929293,0.080808081,0.042929293,0.022727273,0.025252525,0.075757576
P39377|IADA_ECOLI,0.094871795,0.041025641,0.030769231,0.064102564,0.015384615,0.053846154,0.023076923,0.102564103,0.025641026,0.069230769,0.102564103,0.038461538,0.015384615,0.028205128,0.053846154,0.064102564,0.066666667,0.002564103,0.017948718,0.08974359
P80644|SSUE_ECOLI,0.115183246,0.057591623,0.02617801,0.062827225,0,0.041884817,0.057591623,0.047120419,0.036649215,0.020942408,0.167539267,0.036649215,0.005235602,0.036649215,0.057591623,0.052356021,0.057591623,0.010471204,0.036649215,0.073298429
P0AD79|LPL_ECOLI,0.035714286,0.142857143,0.035714286,0,0,0,0.035714286,0.107142857,0.071428571,0.107142857,0.178571429,0,0.035714286,0.035714286,0,0.107142857,0.035714286,0,0,0.071428571
Q8ZLD7|USPA_SALTY,0.062937063,0.027972028,0.034965035,0.083916084,0.006993007,0.062937063,0.027972028,0.048951049,0.048951049,0.06993007,0.118881119,0.055944056,0.034965035,0.006993007,0.027972028,0.083916084,0.048951049,0.006993007,0.041958042,0.097902098
Q8ZLK5|GPH_SALTY,0.107142857,0.043650794,0.035714286,0.079365079,0.003968254,0.071428571,0.023809524,0.083333333,0.015873016,0.043650794,0.126984127,0.03968254,0.027777778,0.027777778,0.067460317,0.043650794,0.03968254,0.007936508,0.031746032,0.079365079
Q8ZKF4|Q8ZKF4_SALTY,0.069124424,0.041474654,0.050691244,0.046082949,0.050691244,0.032258065,0.073732719,0.050691244,0.064516129,0.023041475,0.087557604,0.046082949,0.032258065,0.01843318,0.073732719,0.069124424,0.078341014,0.013824885,0.013824885,0.064516129
Q87S20|NDK_VIBPA,0.113475177,0.070921986,0.035460993,0.021276596,0.007092199,0.141843972,0.021276596,0.063829787,0.028368794,0.070921986,0.063829787,0.042553191,0.042553191,0.056737589,0.04964539,0.063829787,0.035460993,0,0.028368794,0.042553191
P59601|ARGE_VIBPA,0.058201058,0.029100529,0.029100529,0.058201058,0.029100529,0.074074074,0.031746032,0.087301587,0.047619048,0.066137566,0.087301587,0.05026455,0.026455026,0.047619048,0.066137566,0.060846561,0.052910053,0.013227513,0.026455026,0.058201058
Q87MM9|AROC_VIBPA,0.074792244,0.060941828,0.027700831,0.085872576,0.011080332,0.055401662,0.038781163,0.113573407,0.030470914,0.083102493,0.058171745,0.055401662,0.016620499,0.030470914,0.04432133,0.052631579,0.066481994,0.002770083,0.022160665,0.069252078
Q3K203|UXUA_STRA1,0.066091954,0.048850575,0.028735632,0.068965517,0.00862069,0.091954023,0.017241379,0.08045977,0.017241379,0.08908046,0.07183908,0.060344828,0.028735632,0.034482759,0.051724138,0.060344828,0.043103448,0.017241379,0.051724138,0.063218391
Q3D265|Q3D265_STRAG,0.112903226,0.016129032,0.080645161,0,0,0,0.048387097,0.064516129,0,0.112903226,0.193548387,0.048387097,0.048387097,0.032258065,0.032258065,0.048387097,0.032258065,0,0,0.129032258
Q3D272|Q3D272_STRAG,0.076388889,0.038194444,0.045138889,0.045138889,0.006944444,0.069444444,0.034722222,0.059027778,0.020833333,0.079861111,0.118055556,0.0625,0.017361111,0.027777778,0.045138889,0.097222222,0.038194444,0.006944444,0.020833333,0.090277778
P05382|DHPS_STRPN,0.117834395,0.054140127,0.035031847,0.054140127,0.003184713,0.089171975,0.035031847,0.066878981,0.022292994,0.076433121,0.089171975,0.050955414,0.025477707,0.050955414,0.038216561,0.057324841,0.038216561,0.003184713,0.012738854,0.079617834
Q9ZHB3|SYI_STRPN,0.078494624,0.04516129,0.03655914,0.061290323,0.005376344,0.090322581,0.03655914,0.060215054,0.019354839,0.058064516,0.080645161,0.056989247,0.017204301,0.04516129,0.040860215,0.059139785,0.060215054,0.024731183,0.039784946,0.083870968
Q2XU25|Q2XU25_STRPN,0.059701493,0.044776119,0.053304904,0.076759062,0.002132196,0.063965885,0.044776119,0.0554371,0.019189765,0.051172708,0.087420043,0.061833689,0.012793177,0.029850746,0.036247335,0.076759062,0.074626866,0.017057569,0.038379531,0.093816631
Q97PA6|FMT_STRPN,0.080385852,0.041800643,0.028938907,0.067524116,0,0.07073955,0.041800643,0.090032154,0.012861736,0.064308682,0.102893891,0.07073955,0.035369775,0.038585209,0.064308682,0.045016077,0.057877814,0.006430868,0.01607717,0.064308682
Q97R61|FPG_STRPN,0.043956044,0.054945055,0.010989011,0.058608059,0.018315018,0.084249084,0.058608059,0.080586081,0.032967033,0.065934066,0.095238095,0.06959707,0.018315018,0.047619048,0.047619048,0.047619048,0.058608059,0.003663004,0.04029304,0.062271062
Q81XB2|Q81XB2_BACAN,0.084745763,0.033898305,0.039548023,0.019774011,0.002824859,0.019774011,0.02259887,0.059322034,0.019774011,0.110169492,0.127118644,0.031073446,0.031073446,0.073446328,0.033898305,0.096045198,0.048022599,0.005649718,0.04519774,0.096045198
Q81XD0|Q81XD0_BACAN,0.118811881,0.027227723,0.037128713,0.00990099,0,0.017326733,0.01980198,0.091584158,0.007425743,0.121287129,0.106435644,0.024752475,0.034653465,0.069306931,0.02970297,0.074257426,0.079207921,0.00990099,0.01980198,0.101485149
Q81T62|HISX_BACAN,0.102564103,0.046620047,0.037296037,0.03962704,0.006993007,0.102564103,0.03030303,0.062937063,0.025641026,0.1002331,0.079254079,0.062937063,0.018648019,0.03030303,0.046620047,0.065268065,0.034965035,0,0.03030303,0.076923077
